startup_id,industry,founder_experience,team_size,team_expertise,prototype_stage,technology_readiness,ip_strength,market_size,market_growth,competition,strategic_partnerships,advisor_strength,incubator_support,users,pilot_customers,letters_of_intent,funding_requested,problem_severity,scalability,idea_score,prototype_score,team_score,relationship_score,traction_score,berkus_score,funding_viability_score,funding_category,cluster
1,E-Commerce,5,3,10,10,1,1,4,7,8,0,3,0,2316,6,3,325,8,5,6.333333333333333,4.0,7.5,1.0,3.544,4.475466666666667,33.08141857091803,Low,2
2,AgriTech,0,15,5,10,9,7,4,3,10,6,7,4,4430,16,6,333,2,7,3.0,8.666666666666666,2.5,5.666666666666667,7.62,5.490666666666667,23.195328290032823,Low,3
3,CleanTech,8,3,5,4,9,4,4,10,5,5,8,1,311,0,4,343,8,1,7.333333333333333,5.666666666666667,6.5,4.666666666666667,1.5406666666666666,5.141466666666667,37.69276509611601,Medium,2
4,E-Commerce,0,5,2,4,8,5,3,2,2,3,3,2,1076,4,0,311,1,3,2.0,5.666666666666667,1.0,2.6666666666666665,1.3840000000000001,2.5434666666666668,14.492631755975536,Low,1
5,EdTech,4,18,6,7,8,6,7,7,3,0,2,5,33,5,9,303,4,3,6.0,7.0,5.0,2.3333333333333335,3.855333333333333,4.837733333333333,47.438157503536196,Medium,2
6,AI,3,4,9,10,1,5,9,5,6,8,8,2,1841,1,3,454,3,2,5.666666666666667,5.333333333333333,6.0,6.0,2.394,5.078799999999999,33.036371226158685,Low,2
7,CleanTech,2,14,2,9,8,1,5,1,5,3,3,2,4481,15,6,26,5,8,3.6666666666666665,6.0,2.0,2.6666666666666665,7.487333333333333,4.364133333333333,46.943988131526226,Medium,2
8,CleanTech,5,10,10,9,10,9,4,1,4,1,7,5,248,4,1,331,5,5,3.3333333333333335,9.333333333333334,7.5,4.333333333333333,1.1653333333333333,5.133066666666666,31.160299474747948,Low,1
9,E-Commerce,1,8,2,5,3,2,2,9,4,7,1,4,1134,4,1,465,5,1,5.333333333333333,3.3333333333333335,1.5,4.0,1.756,3.1845333333333334,12.065931293789772,Low,1
10,HealthTech,2,16,3,10,7,9,2,5,5,1,6,9,4889,11,0,301,4,2,3.6666666666666665,8.666666666666666,2.5,5.333333333333333,5.092666666666667,5.051866666666666,25.17320704059966,Low,1
11,EdTech,4,12,7,1,1,10,5,1,2,4,9,8,4947,2,1,83,8,1,4.666666666666667,4.0,5.5,7.0,3.9646666666666666,5.026266666666666,46.79052684371273,Medium,0
12,E-Commerce,8,3,6,1,1,2,7,7,9,10,3,0,375,15,9,272,3,6,5.666666666666667,1.3333333333333333,7.0,4.333333333333333,5.75,4.816666666666666,44.4892081577738,Medium,0
13,EdTech,1,16,8,6,10,9,10,9,2,5,7,2,723,5,7,493,4,9,7.666666666666667,8.333333333333334,4.5,4.666666666666667,3.6486666666666667,5.763066666666667,57.93343804338359,High,0
14,EdTech,9,15,8,2,5,6,10,1,10,10,6,2,1913,14,10,25,1,7,4.0,4.333333333333333,8.5,6.0,6.942,5.955066666666666,61.6153076883805,High,0
15,AI,7,12,6,8,5,9,9,10,2,7,8,10,4297,14,7,23,7,5,8.666666666666666,7.333333333333333,6.5,8.333333333333334,7.531333333333333,7.672933333333335,93.53465492232334,High,0
16,CleanTech,1,4,10,9,8,6,7,4,10,10,3,5,2492,15,7,345,1,3,4.0,7.666666666666667,5.5,6.0,6.494666666666667,5.932266666666667,31.753723163044356,Low,3
17,AgriTech,10,18,3,4,7,6,5,3,9,0,3,7,1942,19,0,290,2,8,3.3333333333333335,5.666666666666667,6.5,3.3333333333333335,4.461333333333333,4.658933333333333,31.63735085574939,Low,1
18,AI,4,13,3,5,8,2,10,5,3,0,4,2,4004,12,0,370,7,10,7.333333333333333,5.0,3.5,2.0,4.669333333333333,4.500533333333333,52.17083154395268,High,2
19,AI,6,16,1,8,6,8,10,7,10,3,3,2,2344,11,9,13,1,4,6.0,7.333333333333333,3.5,2.6666666666666665,6.396,5.1792,57.36554118378415,High,2
20,EdTech,7,17,7,3,6,3,10,8,7,4,9,5,1331,9,3,422,3,9,7.0,4.0,7.0,6.0,3.387333333333333,5.4774666666666665,51.94424339981318,High,0
21,SaaS,0,6,5,5,2,7,6,2,4,8,4,7,4588,13,5,136,6,5,4.666666666666667,4.666666666666667,2.5,6.333333333333333,6.892,5.011733333333334,45.9275698759396,Medium,3
22,CleanTech,5,7,4,3,6,5,3,7,6,10,6,5,337,1,7,321,6,6,5.333333333333333,4.666666666666667,4.5,7.0,2.7246666666666663,4.8449333333333335,31.94292201103358,Low,1
23,HealthTech,0,20,10,10,5,3,5,1,4,6,8,9,1865,2,1,15,6,5,4.0,6.0,5.0,7.666666666666667,1.9100000000000001,4.915333333333334,47.08618758314987,Medium,1
24,AI,1,6,4,3,3,1,8,7,10,6,8,2,3137,8,2,138,2,10,5.666666666666667,2.3333333333333335,2.5,5.333333333333333,4.091333333333334,3.984933333333333,44.259616857317035,Medium,2
25,AgriTech,0,4,4,3,6,8,1,8,7,7,5,3,791,10,5,432,2,7,3.6666666666666665,5.666666666666667,2.0,5.0,3.860666666666667,4.0388,16.08355381505962,Low,1
26,SaaS,10,2,6,7,8,3,1,2,1,4,5,0,3611,10,9,394,6,7,3.0,6.0,8.0,3.0,7.074000000000001,5.4148000000000005,40.00519546042891,Medium,3
27,SaaS,4,7,8,7,9,2,7,9,3,4,6,7,3700,9,3,380,10,1,8.666666666666666,6.0,6.0,5.666666666666667,4.966666666666667,6.26,51.974575278617806,High,2
28,HealthTech,9,16,8,7,1,1,5,1,3,0,10,3,1516,13,1,241,5,2,3.6666666666666665,3.0,8.5,4.333333333333333,3.510666666666667,4.602133333333333,39.891075520371906,Medium,1
29,AI,8,3,5,10,3,4,5,6,1,8,7,5,3953,8,6,456,7,7,6.0,5.666666666666667,6.5,6.666666666666667,5.968666666666667,6.160400000000001,51.02092299006256,Medium,3
30,AgriTech,5,4,6,8,3,8,1,1,6,5,10,10,3908,19,3,322,7,8,3.0,6.333333333333333,5.5,8.333333333333334,6.771999999999999,5.987733333333333,29.606916869629966,Low,3
31,CleanTech,10,18,4,5,8,3,9,3,9,8,7,2,2673,20,7,204,5,4,5.666666666666667,5.333333333333333,7.0,5.666666666666667,7.448666666666667,6.223066666666667,50.47810248571248,Medium,0
32,FinTech,10,13,9,5,1,1,1,6,8,2,4,10,2122,9,7,74,8,6,5.0,2.3333333333333335,9.5,5.333333333333333,5.248,5.482933333333333,48.59617457948302,Medium,1
33,AgriTech,0,19,8,4,5,4,5,3,7,4,6,10,3785,8,6,330,10,10,6.0,4.333333333333333,4.0,6.666666666666667,5.8566666666666665,5.371333333333333,35.89717793400863,Low,3
34,HealthTech,0,16,10,7,3,9,10,8,10,1,7,5,58,4,9,112,6,3,8.0,6.333333333333333,5.0,4.333333333333333,3.7053333333333334,5.474399999999999,52.85510071084709,High,0
35,SaaS,1,13,10,10,2,1,9,5,8,9,5,10,2433,7,8,286,5,7,6.333333333333333,4.333333333333333,5.5,8.0,5.455333333333333,5.9243999999999994,49.082385587252205,Medium,3
36,CleanTech,8,17,1,4,8,2,4,2,6,4,5,8,2062,10,3,167,4,3,3.3333333333333335,4.666666666666667,4.5,5.666666666666667,4.041333333333333,4.4416,31.16210136853832,Low,1
37,AgriTech,2,9,2,2,3,9,8,4,9,7,2,8,1254,0,6,233,7,7,6.333333333333333,4.666666666666667,2.0,5.666666666666667,2.836,4.300533333333333,31.52413186258758,Low,2
38,FinTech,0,15,9,4,7,2,6,9,3,10,7,9,3688,20,9,298,4,8,6.333333333333333,4.333333333333333,4.5,8.666666666666666,8.792,6.525066666666666,64.89250201962258,High,3
39,FinTech,4,18,8,8,1,3,3,4,10,1,6,2,3748,9,9,441,5,3,4.0,4.0,6.0,3.0,6.998666666666668,4.799733333333334,14.924485634401757,Low,3
40,EdTech,6,9,3,9,6,7,4,10,10,7,1,2,4130,0,0,287,5,2,6.333333333333333,7.333333333333333,4.5,3.3333333333333335,2.7533333333333334,4.850666666666666,27.715078547553475,Low,2
41,EdTech,5,16,8,3,3,3,2,10,9,3,4,3,4257,6,3,487,1,6,4.333333333333333,3.0,6.5,3.3333333333333335,4.838,4.400933333333333,22.91243096494414,Low,1
42,E-Commerce,0,15,1,7,8,9,1,8,4,9,3,6,3029,13,1,191,1,4,3.3333333333333335,8.0,0.5,6.0,4.519333333333333,4.470533333333334,32.699116771727084,Low,1
43,HealthTech,4,19,10,9,6,6,8,5,7,9,3,2,2846,4,8,375,3,8,5.333333333333333,7.0,7.0,4.666666666666667,5.230666666666667,5.846133333333333,47.213521411002944,Medium,3
44,AI,4,8,4,4,2,3,1,10,9,0,7,9,4990,16,4,13,3,2,4.666666666666667,3.0,4.0,5.333333333333333,7.326666666666667,4.865333333333334,42.99438710084299,Medium,1
45,AgriTech,5,4,3,10,6,9,1,1,2,4,10,7,470,20,2,224,2,4,1.3333333333333333,8.333333333333334,4.0,7.0,4.3133333333333335,4.996,30.976506308129835,Low,1
46,AgriTech,2,13,6,3,7,1,4,7,2,0,4,10,4035,5,3,448,2,2,4.333333333333333,3.6666666666666665,4.0,4.666666666666667,4.523333333333333,4.238,30.679193832718187,Low,1
47,AI,4,4,7,5,5,10,10,3,9,6,8,7,2899,15,5,437,6,2,6.333333333333333,6.666666666666667,5.5,7.0,6.099333333333334,6.319866666666667,33.63159680824546,Low,0
48,E-Commerce,6,15,4,1,3,3,10,10,3,7,9,5,1446,10,9,226,1,2,7.0,2.3333333333333335,5.0,7.0,5.6306666666666665,5.3928,66.34738109753351,High,0
49,SaaS,4,16,7,3,4,1,6,8,9,2,3,3,4443,9,0,405,6,1,6.666666666666667,2.6666666666666665,5.5,2.6666666666666665,4.462,4.3924,25.388233032917597,Low,2
50,SaaS,4,15,9,8,4,2,9,3,5,2,5,10,4789,14,6,218,5,4,5.666666666666667,4.666666666666667,6.5,5.666666666666667,7.526,6.0052,57.20562310988849,High,0
51,E-Commerce,4,8,2,8,6,8,1,1,6,6,4,10,912,6,7,472,6,2,2.6666666666666665,7.333333333333333,3.0,6.666666666666667,3.941333333333333,4.7216000000000005,2.7147031530138173,Low,1
52,SaaS,9,18,3,4,10,7,7,5,2,3,10,4,4242,1,6,83,5,9,5.666666666666667,7.0,6.0,5.666666666666667,4.994666666666666,5.865600000000001,71.90216917980797,High,0
53,EdTech,9,13,5,2,1,2,10,2,8,2,6,1,1711,11,6,236,7,9,6.333333333333333,1.6666666666666667,7.0,3.0,4.974,4.5948,48.834475033259956,Medium,0
54,AgriTech,2,5,3,8,4,2,5,4,9,7,10,5,674,18,8,384,1,7,3.3333333333333335,4.666666666666667,2.5,7.333333333333333,6.116,4.789866666666667,22.456101362532017,Low,1
55,E-Commerce,0,10,8,8,10,9,8,1,2,2,4,2,1439,11,3,445,3,6,4.0,9.0,4.0,2.6666666666666665,3.792666666666667,4.691866666666667,34.93721901718706,Low,2
56,AgriTech,4,7,10,10,4,6,7,9,6,6,8,5,2734,15,6,102,6,3,7.333333333333333,6.666666666666667,7.0,6.333333333333333,6.322666666666667,6.731199999999999,67.93214668616714,High,3
57,AI,8,17,8,4,10,5,4,6,6,1,3,4,3630,5,8,469,1,7,3.6666666666666665,6.333333333333333,8.0,2.6666666666666665,5.919999999999999,5.317333333333333,36.40546214070987,Low,3
58,FinTech,0,3,8,3,1,10,4,8,8,10,5,1,685,2,4,74,7,1,6.333333333333333,4.666666666666667,4.0,5.333333333333333,2.1233333333333335,4.491333333333333,36.94077475426673,Low,2
59,EdTech,2,9,9,2,9,6,6,4,10,10,1,4,1126,1,1,330,4,9,4.666666666666667,5.666666666666667,5.5,5.0,1.2506666666666666,4.4168,26.077307249919667,Low,2
60,CleanTech,3,12,4,9,4,9,6,9,5,0,6,4,4216,19,4,19,3,4,6.0,7.333333333333333,3.5,3.3333333333333335,7.310666666666667,5.495466666666666,64.75720982752874,High,0
61,EdTech,0,14,5,1,7,7,9,2,9,5,5,8,2466,4,3,411,10,6,7.0,5.0,2.5,6.0,3.3106666666666666,4.762133333333333,22.18746902995048,Low,2
62,E-Commerce,0,18,5,7,3,10,5,9,1,7,8,10,2397,10,7,312,9,6,7.666666666666667,6.666666666666667,2.5,8.333333333333334,5.598,6.152933333333334,55.87132075811676,High,3
63,CleanTech,7,9,8,5,10,10,8,5,9,0,9,7,4137,2,4,331,1,3,4.666666666666667,8.333333333333334,7.5,5.333333333333333,4.424666666666666,6.0516,40.18658610199318,Medium,0
64,FinTech,1,19,7,8,3,9,5,6,10,9,8,6,3438,2,8,314,8,4,6.333333333333333,6.666666666666667,4.0,7.666666666666667,5.292000000000001,5.991733333333334,29.811882288285,Low,3
65,E-Commerce,7,19,9,4,8,4,2,3,7,8,8,2,4124,4,8,465,1,10,2.0,5.333333333333333,8.0,6.0,6.0826666666666656,5.483199999999999,28.92790322629082,Low,3
66,HealthTech,6,15,8,7,8,2,6,4,4,2,3,9,965,10,2,287,5,3,5.0,5.666666666666667,7.0,4.666666666666667,2.9766666666666666,5.062,41.91325082661878,Medium,1
67,AgriTech,9,16,2,5,1,8,9,6,3,2,4,3,919,2,9,95,10,6,8.333333333333334,4.666666666666667,5.5,3.0,3.946,5.0892,67.14081499656139,High,2
68,FinTech,9,7,10,5,10,4,3,7,10,3,4,5,4913,12,5,35,8,1,6.0,6.333333333333333,9.5,4.0,6.942,6.555066666666667,52.38060201271536,High,3
69,AgriTech,1,12,4,9,2,9,1,1,6,10,5,2,2872,20,5,227,6,8,2.6666666666666665,6.666666666666667,2.5,5.666666666666667,6.914666666666666,4.882933333333333,26.316508650591757,Low,3
70,SaaS,5,14,6,9,8,4,1,7,1,0,9,10,1508,7,3,402,7,8,5.0,7.0,5.5,6.333333333333333,3.172,5.401066666666667,40.4633269566314,Medium,1
71,HealthTech,5,2,2,9,1,8,3,1,3,8,9,8,1212,19,10,414,8,9,4.0,6.0,3.5,8.333333333333334,7.308,5.828266666666667,33.500809350627506,Low,3
72,HealthTech,2,7,7,6,8,9,10,5,2,10,10,7,871,9,9,104,6,6,7.0,7.666666666666667,4.5,9.0,5.080666666666667,6.649466666666667,74.3094992837472,High,0
73,FinTech,10,10,3,6,8,9,5,6,9,2,1,5,4390,1,2,253,6,1,5.666666666666667,7.666666666666667,6.5,2.6666666666666665,3.76,5.252000000000001,32.11920728685848,Low,2
74,HealthTech,1,9,3,5,2,10,3,2,3,9,8,3,3254,3,0,456,6,3,3.6666666666666665,5.666666666666667,2.0,6.666666666666667,2.669333333333333,4.133866666666667,12.585477336680848,Low,1
75,CleanTech,0,12,2,9,4,4,9,10,2,3,1,6,863,17,6,116,5,1,8.0,5.666666666666667,1.0,3.3333333333333335,5.408666666666666,4.681733333333333,62.0057180096281,High,2
76,HealthTech,5,20,8,10,6,1,8,9,4,0,2,10,3953,18,4,399,8,5,8.333333333333334,5.666666666666667,6.5,4.0,6.968666666666667,6.293733333333334,58.62266241820151,High,2
77,AgriTech,4,10,6,8,9,3,3,10,2,3,7,2,3108,3,9,257,2,3,5.0,6.666666666666667,5.0,4.0,5.572,5.247733333333334,51.65759212932791,Medium,3
78,AgriTech,10,18,1,7,8,9,9,6,1,0,8,9,3055,19,6,23,7,2,7.333333333333333,8.0,5.5,5.666666666666667,7.203333333333333,6.740666666666667,80.44299558836335,High,0
79,E-Commerce,8,13,1,7,8,4,6,7,6,4,1,7,3994,8,0,170,4,3,5.666666666666667,6.333333333333333,4.5,4.0,3.996,4.8991999999999996,45.439256658748334,Medium,2
80,AgriTech,0,15,7,6,7,5,7,10,10,4,3,0,2682,15,7,80,1,9,6.0,6.0,3.5,2.3333333333333335,6.621333333333333,4.890933333333333,56.81431184174568,High,3
81,E-Commerce,6,16,8,5,9,7,4,8,8,10,7,2,4690,5,2,161,5,8,5.666666666666667,7.0,7.0,6.333333333333333,4.626666666666667,6.125333333333333,53.332752723111966,High,3
82,AgriTech,4,17,5,4,2,5,4,10,10,6,9,10,613,3,6,466,3,3,5.666666666666667,3.6666666666666665,4.5,8.333333333333334,2.9086666666666665,5.015066666666667,19.492286392999038,Low,1
83,CleanTech,4,2,5,3,3,4,2,1,10,7,8,4,1872,8,2,84,4,2,2.3333333333333335,3.3333333333333335,4.5,6.333333333333333,3.2479999999999998,3.9496,16.950414886045234,Low,1
84,AI,1,11,4,3,10,2,5,8,2,3,8,4,3154,12,2,385,7,5,6.666666666666667,5.0,2.5,5.0,4.769333333333333,4.7872,41.14549391410372,Medium,0
85,E-Commerce,10,9,6,6,8,2,8,4,9,6,9,9,4560,8,9,224,5,1,5.666666666666667,5.333333333333333,8.0,8.0,7.373333333333332,6.874666666666667,49.216176201187444,Medium,0
86,EdTech,2,19,6,4,6,4,7,10,3,3,10,1,3373,5,8,377,4,4,7.0,4.666666666666667,4.0,4.666666666666667,5.748666666666668,5.216400000000001,51.187598165672114,Medium,0
87,SaaS,6,2,3,6,10,10,7,8,8,2,3,9,3191,20,1,60,1,8,5.333333333333333,8.666666666666666,4.5,4.666666666666667,5.794,5.792133333333334,61.74279167404942,High,2
88,FinTech,5,3,9,3,9,10,6,6,8,5,8,7,567,18,3,395,6,1,6.0,7.333333333333333,7.0,6.666666666666667,4.378,6.2756,33.62694191595366,Low,0
89,AgriTech,1,2,7,4,10,9,3,9,3,3,1,4,4133,13,5,152,10,5,7.333333333333333,7.666666666666667,4.0,2.6666666666666665,6.588666666666666,5.651066666666667,56.69914079697761,High,3
90,HealthTech,5,2,1,9,4,8,5,4,3,2,8,6,244,20,2,428,6,4,5.0,7.0,3.0,5.333333333333333,4.1626666666666665,4.8991999999999996,29.12836391046989,Low,1
91,AI,1,10,7,5,8,3,1,2,6,8,7,6,20,14,9,45,7,6,3.3333333333333335,5.333333333333333,4.0,7.0,5.346666666666667,5.002666666666666,37.174270157935986,Low,3
92,AgriTech,1,14,5,7,10,9,7,2,1,4,8,4,393,2,9,383,1,7,3.3333333333333335,8.666666666666666,3.0,5.333333333333333,3.595333333333333,4.785733333333333,39.649471594645966,Medium,0
93,HealthTech,1,2,5,10,3,5,9,5,4,6,1,7,3814,4,6,485,4,9,6.0,6.0,3.0,4.666666666666667,5.209333333333333,4.9752,41.431544553325544,Medium,2
94,SaaS,10,14,2,2,3,3,1,10,1,5,6,8,2055,20,6,176,9,1,6.666666666666667,2.6666666666666665,6.0,6.333333333333333,6.703333333333333,5.674,56.11742941831865,High,1
95,SaaS,2,8,4,5,8,5,2,9,3,9,7,3,3515,17,4,245,10,10,7.0,6.0,3.0,6.333333333333333,6.510000000000001,5.768666666666666,53.460386866596785,High,3
96,SaaS,1,3,6,9,5,10,3,3,9,4,5,3,2375,13,2,269,6,4,4.0,8.0,3.5,4.0,4.416666666666667,4.783333333333333,19.112537276677784,Low,2
97,HealthTech,3,7,10,3,3,4,3,8,5,6,5,7,1910,15,1,201,2,6,4.333333333333333,3.3333333333333335,6.5,6.0,4.1066666666666665,4.854666666666666,47.609487571437576,Medium,1
98,AgriTech,8,8,7,9,10,8,8,4,5,10,7,0,289,13,3,211,4,10,5.333333333333333,9.0,7.5,5.666666666666667,3.3593333333333333,6.171866666666666,61.353732773144564,High,2
99,SaaS,5,15,5,6,1,5,7,6,4,5,3,3,2558,8,3,271,6,7,6.333333333333333,4.0,5.0,3.6666666666666665,4.038666666666667,4.607733333333334,49.23254340311668,Medium,2
100,CleanTech,0,19,9,4,3,10,6,10,3,9,6,5,360,14,10,194,4,7,6.666666666666667,5.666666666666667,4.5,6.666666666666667,5.906666666666666,5.881333333333334,65.88744770754063,High,3
101,E-Commerce,7,16,3,7,9,8,10,6,5,1,7,3,1622,6,7,167,10,8,8.666666666666666,8.0,5.0,3.6666666666666665,4.414666666666666,5.949599999999999,65.67662613406688,High,2
102,HealthTech,6,3,1,8,5,9,10,3,4,2,1,5,4314,13,7,255,7,10,6.666666666666667,7.333333333333333,3.5,2.6666666666666665,7.376,5.508533333333334,59.46925218404544,High,2
103,HealthTech,9,11,4,6,10,4,4,5,8,1,2,4,4094,5,4,119,3,8,4.0,6.666666666666667,6.5,2.3333333333333335,4.896,4.8792,45.87846827015193,Medium,2
104,AgriTech,2,13,9,5,2,7,9,3,4,2,4,8,2453,20,5,108,6,8,6.0,4.666666666666667,5.5,4.666666666666667,6.635333333333333,5.493733333333333,65.73638894478096,High,0
105,HealthTech,0,18,4,6,7,2,1,1,8,0,8,9,2015,14,7,250,4,8,2.0,5.0,2.0,5.666666666666667,6.010000000000001,4.1353333333333335,16.12739989729205,Low,1
106,HealthTech,4,9,2,5,2,6,2,7,6,7,10,8,2040,19,0,500,3,8,4.0,4.333333333333333,3.0,8.333333333333334,4.526666666666666,4.838666666666667,21.337876107789285,Low,1
107,SaaS,3,12,10,8,4,8,4,4,5,5,6,3,2044,7,4,211,3,6,3.6666666666666665,6.666666666666667,6.5,4.666666666666667,3.862666666666667,5.072533333333334,43.00294609634727,Medium,3
108,AgriTech,9,4,5,1,7,7,3,7,4,1,1,3,2800,1,3,131,2,9,4.0,5.0,7.0,1.6666666666666667,3.033333333333333,4.140000000000001,52.71410252175036,High,1
109,SaaS,7,7,3,7,4,7,1,3,4,7,10,7,2970,7,3,126,3,3,2.3333333333333335,6.0,5.0,8.0,4.146666666666667,5.096000000000001,36.08187204752195,Low,1
110,E-Commerce,0,10,9,10,7,8,5,5,4,5,5,9,831,0,10,105,10,6,6.666666666666667,8.333333333333334,4.5,6.333333333333333,3.887333333333333,5.944133333333333,54.75970244727208,High,3
111,AI,9,7,4,10,7,7,7,5,9,6,7,3,1793,16,1,243,1,5,4.333333333333333,8.0,6.5,5.333333333333333,4.195333333333333,5.6724,41.91310066880291,Medium,2
112,E-Commerce,0,10,6,2,1,5,2,2,4,10,6,1,3692,18,9,499,3,8,2.3333333333333335,2.6666666666666665,3.0,5.666666666666667,8.461333333333334,4.4256,20.48813302781222,Low,3
113,AI,3,8,2,9,6,7,5,10,9,0,9,1,1791,4,0,76,9,4,8.0,7.333333333333333,2.5,3.3333333333333335,1.8606666666666667,4.605466666666667,41.14113933744366,Medium,2
114,SaaS,7,10,6,1,9,10,6,2,10,6,8,0,2841,19,5,385,4,4,4.0,6.666666666666667,6.5,4.666666666666667,6.727333333333334,5.712133333333334,26.204190604325138,Low,0
115,E-Commerce,4,19,3,10,2,3,7,4,6,2,4,4,4690,15,6,227,3,10,4.666666666666667,5.0,3.5,3.3333333333333335,7.626666666666668,4.825333333333334,49.44741923761873,Medium,2
116,AgriTech,1,13,9,6,3,5,1,4,10,10,5,5,2154,6,4,24,8,10,4.333333333333333,4.666666666666667,5.0,6.666666666666667,3.7693333333333334,4.8872,36.75337780006786,Low,3
117,FinTech,5,9,2,9,10,7,7,4,7,7,7,8,580,6,7,282,1,5,4.0,8.666666666666666,3.5,7.333333333333333,3.72,5.443999999999999,36.15770174453349,Low,2
118,SaaS,4,9,9,1,5,9,4,6,10,5,8,4,2853,17,8,228,5,6,5.0,5.0,6.5,5.666666666666667,7.402,5.913733333333334,40.99038089031571,Medium,3
119,AI,1,19,5,4,9,2,8,2,3,3,5,5,2236,17,10,283,1,4,3.6666666666666665,5.0,3.0,4.333333333333333,7.657333333333334,4.731466666666667,44.04068676178664,Medium,0
120,CleanTech,10,16,8,4,4,4,4,6,8,10,9,5,4176,1,10,380,7,2,5.666666666666667,4.0,9.0,8.0,6.284,6.590133333333334,37.68075247084685,Medium,3
121,AI,10,8,2,9,1,7,6,7,3,7,10,2,2155,14,1,156,5,2,6.0,5.666666666666667,6.0,6.333333333333333,4.103333333333333,5.620666666666667,56.95080529636648,High,1
122,CleanTech,10,12,6,5,4,1,9,10,1,8,4,3,1344,13,10,341,2,3,7.0,3.3333333333333335,8.0,5.0,6.396000000000001,5.945866666666667,71.0486721544343,High,0
123,HealthTech,2,17,3,5,6,2,5,3,10,9,4,0,345,17,3,353,1,2,3.0,4.333333333333333,2.5,4.333333333333333,4.0633333333333335,3.6459999999999995,8.45283392845881,Low,1
124,E-Commerce,8,5,10,6,5,9,4,8,5,1,8,3,1886,8,10,462,7,1,6.333333333333333,6.666666666666667,9.0,4.0,5.9239999999999995,6.3848,40.97371337275475,Medium,0
125,CleanTech,6,7,5,1,1,10,8,2,2,5,1,0,554,13,8,161,1,8,3.6666666666666665,4.0,5.5,2.0,5.2026666666666666,4.0738666666666665,56.90455668908021,High,0
126,AI,6,4,8,1,4,7,9,8,10,4,8,4,3770,4,4,356,3,5,6.666666666666667,4.0,7.0,5.333333333333333,4.513333333333333,5.502666666666666,43.499668151226935,Medium,0
127,HealthTech,10,10,10,9,6,10,4,5,6,4,5,10,4397,10,2,313,6,10,5.0,8.333333333333334,10.0,6.333333333333333,5.264666666666667,6.986266666666667,55.158071132760526,High,3
128,FinTech,5,11,1,3,10,7,3,2,10,9,1,10,199,7,5,423,6,1,3.6666666666666665,6.666666666666667,3.0,6.666666666666667,2.9659999999999997,4.5932,0.0,Low,2
129,AgriTech,7,15,5,4,10,6,8,7,9,10,4,7,2940,4,2,24,7,9,7.333333333333333,6.666666666666667,6.0,7.0,3.293333333333333,6.058666666666666,63.825030106642075,High,2
130,AgriTech,3,12,3,1,4,3,5,2,1,2,2,7,3490,10,4,440,1,8,2.6666666666666665,2.6666666666666665,3.0,3.6666666666666665,5.326666666666667,3.4653333333333327,30.55005811107473,Low,1
131,AgriTech,7,19,4,9,9,10,2,6,4,7,4,4,306,4,2,388,7,4,5.0,9.333333333333334,5.5,5.0,1.5373333333333334,5.274133333333333,28.28312556496878,Low,2
132,CleanTech,3,13,2,8,5,3,10,10,1,7,8,9,3075,16,5,495,2,8,7.333333333333333,5.333333333333333,2.5,8.0,6.383333333333333,5.909999999999999,60.83388641462175,High,0
133,FinTech,7,13,9,2,8,2,9,3,1,4,5,1,1656,3,9,392,6,10,6.0,4.0,8.0,3.3333333333333335,4.604,5.1874666666666664,59.654847244453904,High,0
134,CleanTech,8,14,3,8,9,6,3,9,8,7,1,5,2692,14,4,437,8,7,6.666666666666667,7.666666666666667,5.5,4.333333333333333,5.461333333333333,5.9256,33.83340891276732,Low,2
135,E-Commerce,2,14,2,7,10,4,2,3,2,9,7,0,1764,18,8,363,5,7,3.3333333333333335,7.0,2.0,5.333333333333333,6.842666666666666,4.901866666666667,31.31090776406003,Low,3
136,CleanTech,2,20,10,6,5,5,1,3,1,7,1,6,275,1,2,420,10,1,4.666666666666667,5.333333333333333,6.0,4.666666666666667,1.0166666666666666,4.336666666666667,19.630581741410218,Low,1
137,FinTech,10,20,9,1,6,3,8,5,8,2,9,10,3361,16,5,93,3,6,5.333333333333333,3.3333333333333335,9.5,7.0,6.574000000000001,6.348133333333333,66.02003705894894,High,0
138,FinTech,1,15,7,7,1,6,3,7,4,1,3,3,1401,11,7,201,8,4,6.0,4.666666666666667,4.0,2.3333333333333335,5.100666666666666,4.420133333333333,41.348357123336626,Medium,3
139,E-Commerce,9,5,6,10,7,3,7,8,3,8,3,4,4733,16,6,50,8,10,7.666666666666667,6.666666666666667,7.5,5.0,7.822,6.931066666666668,87.01975776541143,High,3
140,FinTech,2,14,1,7,4,8,1,7,4,1,6,5,1775,9,5,361,4,10,4.0,6.333333333333333,1.5,4.0,4.3500000000000005,4.036666666666667,28.227116699651333,Low,1
141,AI,2,9,5,9,2,9,1,9,5,8,10,10,3381,17,1,333,8,10,6.0,6.666666666666667,3.5,9.333333333333334,5.4206666666666665,6.1841333333333335,42.76960085049386,Medium,3
142,FinTech,4,20,3,1,5,4,9,5,1,3,6,0,4050,18,6,270,5,2,6.333333333333333,3.3333333333333335,3.5,3.0,7.7,4.7733333333333325,55.37940375334475,High,0
143,AgriTech,4,13,1,2,3,9,8,10,1,1,6,8,3460,17,7,318,5,10,7.666666666666667,4.666666666666667,2.5,5.0,7.473333333333334,5.461333333333334,68.25994119819931,High,0
144,AI,1,19,4,9,6,7,3,3,3,9,1,9,1880,12,0,387,3,7,3.0,7.333333333333333,2.5,6.333333333333333,3.2533333333333334,4.484,25.35009294768802,Low,1
145,AI,9,7,2,9,8,3,6,6,6,0,5,3,3835,13,8,145,7,9,6.333333333333333,6.666666666666667,5.5,2.6666666666666665,7.390000000000001,5.711333333333334,60.170188868500794,High,2
146,E-Commerce,5,19,2,6,7,7,3,5,1,3,6,7,4278,15,3,287,9,5,5.666666666666667,6.666666666666667,3.5,5.333333333333333,6.351999999999999,5.503733333333334,45.236093133883706,Medium,1
147,EdTech,4,20,3,6,3,1,4,4,2,8,8,4,1844,17,7,115,9,8,5.666666666666667,3.3333333333333335,3.5,6.666666666666667,6.396000000000001,5.112533333333333,55.33841066961374,High,3
148,EdTech,5,6,8,4,8,3,1,2,7,8,1,10,3377,17,9,16,1,5,1.3333333333333333,5.0,6.5,6.333333333333333,8.084666666666665,5.450266666666666,44.24760423204786,Medium,3
149,FinTech,0,10,8,4,2,6,5,7,1,3,5,7,71,15,6,415,1,7,4.333333333333333,4.0,4.0,5.0,4.5473333333333334,4.376133333333334,43.16676827345539,Medium,1
150,AI,4,4,7,5,10,4,1,5,7,8,3,0,1676,16,9,311,10,7,5.333333333333333,6.333333333333333,5.5,3.6666666666666665,6.784,5.523466666666666,32.04983437592909,Low,3
151,EdTech,8,11,6,3,9,7,1,4,4,5,2,7,1295,6,6,39,5,9,3.3333333333333335,6.333333333333333,7.0,4.666666666666667,3.8633333333333333,5.039333333333333,52.29516221548847,High,1
152,EdTech,9,20,9,1,4,3,10,8,10,0,8,10,1043,11,1,135,1,3,6.333333333333333,2.6666666666666665,9.0,6.0,2.862,5.372400000000001,57.022730890165555,High,0
153,FinTech,1,4,4,1,1,1,7,9,6,9,7,10,2625,1,0,366,4,1,6.666666666666667,1.0,2.5,8.666666666666666,1.9166666666666667,4.15,29.529735752275627,Low,1
154,EdTech,0,16,1,7,8,9,6,9,8,5,10,3,3042,9,3,409,1,2,5.333333333333333,8.0,0.5,6.0,4.528,4.8722666666666665,23.480027508911867,Low,2
155,CleanTech,9,2,8,1,7,6,2,3,9,8,7,1,814,4,1,88,2,6,2.3333333333333335,4.666666666666667,8.5,5.333333333333333,1.5426666666666666,4.475199999999999,33.47318031250844,Low,1
156,HealthTech,10,8,7,1,5,8,2,3,6,1,5,10,2194,20,7,398,2,10,2.3333333333333335,4.666666666666667,8.5,5.333333333333333,7.129333333333332,5.592533333333333,37.34575038365321,Medium,1
157,E-Commerce,8,13,7,3,10,3,7,5,9,5,9,5,3500,2,9,76,4,10,5.333333333333333,5.333333333333333,7.5,6.333333333333333,5.666666666666667,6.033333333333333,61.513350531408506,High,0
158,HealthTech,9,18,3,10,5,8,1,5,4,1,5,1,309,18,6,32,8,9,4.666666666666667,7.666666666666667,6.0,2.3333333333333335,5.206,5.174533333333334,54.6581957637477,High,1
159,FinTech,8,6,4,4,7,2,2,10,6,3,2,4,2061,12,7,198,2,3,4.666666666666667,4.333333333333333,6.0,3.0,5.707333333333334,4.741466666666667,43.84923554655942,Medium,1
160,AgriTech,8,5,10,4,5,4,8,2,8,7,3,1,4227,11,10,83,9,10,6.333333333333333,4.333333333333333,9.0,3.6666666666666665,7.984666666666667,6.263599999999999,66.47846887078319,High,3
161,E-Commerce,5,13,9,2,8,3,6,1,9,6,4,2,1877,2,5,14,9,2,5.333333333333333,4.333333333333333,7.0,4.0,3.251333333333333,4.7836,39.19854767360496,Medium,2
162,FinTech,7,19,6,1,6,10,2,8,3,10,5,10,2802,5,0,416,2,1,4.0,5.666666666666667,6.5,8.333333333333334,2.701333333333333,5.440266666666667,32.520278813032476,Low,1
163,AI,10,18,5,3,5,1,7,3,2,8,3,5,2486,13,8,472,1,2,3.6666666666666665,3.0,7.5,5.333333333333333,6.490666666666667,5.198133333333333,40.69967535880209,Medium,0
164,AgriTech,0,20,3,4,9,7,4,1,6,6,7,0,4835,3,5,91,10,3,5.0,6.666666666666667,1.5,4.333333333333333,5.390000000000001,4.578,30.664178051131735,Low,2
165,HealthTech,9,10,9,3,2,10,2,1,4,0,5,5,3745,12,9,34,10,7,4.333333333333333,5.0,9.0,3.3333333333333335,7.496666666666667,5.832666666666666,57.659550187246786,High,3
166,FinTech,3,5,5,8,1,2,6,2,1,1,5,2,794,18,0,273,9,2,5.666666666666667,3.6666666666666665,4.0,2.6666666666666665,3.5293333333333337,3.905866666666667,36.60246919512408,Low,1
167,AI,0,3,5,10,8,4,9,6,8,5,6,6,4014,17,0,488,2,5,5.666666666666667,7.333333333333333,2.5,5.666666666666667,5.509333333333333,5.3352,30.14718469111034,Low,2
168,E-Commerce,7,5,4,1,3,9,9,6,9,6,7,1,4353,2,7,414,8,2,7.666666666666667,4.333333333333333,5.5,4.666666666666667,5.568666666666666,5.547066666666667,34.53359480814336,Low,0
169,E-Commerce,0,3,4,2,7,6,8,3,9,2,10,5,3407,19,5,11,3,7,4.666666666666667,5.0,2.0,5.666666666666667,7.104666666666667,4.887600000000001,49.126231669484625,Medium,0
170,SaaS,2,16,1,7,10,8,3,4,2,8,10,7,2456,5,7,287,1,10,2.6666666666666665,8.333333333333334,1.5,8.333333333333334,4.803999999999999,5.127466666666667,40.53224939411321,Medium,3
171,AI,3,3,7,4,8,2,3,2,9,6,8,0,1851,15,7,337,1,8,2.0,4.666666666666667,5.0,4.666666666666667,6.067333333333333,4.480133333333334,21.467462302880328,Low,3
172,CleanTech,7,5,9,8,6,7,2,2,7,5,9,10,974,19,10,352,10,8,4.666666666666667,7.0,8.0,8.0,7.149333333333334,6.9632000000000005,37.55071580230822,Medium,3
173,EdTech,5,7,3,3,10,6,5,7,5,5,4,10,1047,2,7,233,2,8,4.666666666666667,6.333333333333333,4.0,6.333333333333333,3.3646666666666665,4.9396,46.103554836132766,Medium,1
174,AgriTech,9,8,2,6,9,9,4,1,7,0,5,8,4366,11,9,81,7,10,4.0,8.0,5.5,4.333333333333333,7.744,5.915466666666666,50.78502506133944,Medium,3
175,AI,6,11,3,9,7,7,7,7,9,4,5,4,4237,18,6,77,6,9,6.666666666666667,7.666666666666667,4.5,4.333333333333333,7.824666666666666,6.198266666666667,61.62912220744001,High,2
176,SaaS,7,20,1,1,10,1,4,1,8,9,8,4,3789,18,6,329,2,1,2.3333333333333335,4.0,4.0,7.0,7.526,4.971866666666667,18.46490661685431,Low,1
177,EdTech,1,20,6,1,5,8,9,6,6,2,9,4,4997,3,9,103,4,1,6.333333333333333,4.666666666666667,3.5,5.0,6.831333333333333,5.266266666666667,54.7714147569095,High,0
178,EdTech,9,13,7,8,8,10,2,3,4,6,7,5,3021,0,3,28,2,10,2.3333333333333335,8.666666666666666,8.0,6.0,3.014,5.6028,57.2403095653532,High,3
179,FinTech,10,4,2,3,2,3,6,8,1,9,5,1,4369,1,8,137,1,2,5.0,2.6666666666666665,6.0,5.0,5.7459999999999996,4.882533333333333,63.57081292438351,High,0
180,EdTech,7,14,8,5,7,2,7,6,6,2,3,5,4029,12,1,352,3,6,5.333333333333333,4.666666666666667,7.5,3.3333333333333335,5.019333333333333,5.170533333333333,46.26962938047888,Medium,1
181,CleanTech,2,19,6,1,4,3,4,2,3,4,1,10,464,12,10,91,4,1,3.3333333333333335,2.6666666666666665,4.0,5.0,5.642666666666667,4.128533333333333,39.84737959595534,Medium,1
182,E-Commerce,6,9,4,5,9,6,6,8,6,6,9,3,287,1,8,263,10,5,8.0,6.666666666666667,5.0,6.0,3.0246666666666666,5.738266666666666,46.72971292828762,Medium,2
183,SaaS,2,16,5,6,1,3,7,5,6,2,5,7,3195,18,9,446,5,5,5.666666666666667,3.3333333333333335,3.5,4.666666666666667,8.13,5.059333333333333,34.53149259872126,Low,0
184,EdTech,6,2,8,8,7,10,4,8,4,9,9,10,875,15,2,230,5,4,5.666666666666667,8.333333333333334,7.0,9.333333333333334,3.75,6.816666666666667,55.3005709000159,High,3
185,FinTech,10,4,3,3,6,5,8,8,2,1,10,8,1992,11,1,352,7,5,7.666666666666667,4.666666666666667,6.5,6.333333333333333,3.494666666666667,5.732266666666667,58.275347390106994,High,0
186,CleanTech,1,9,3,3,8,6,9,6,9,5,4,8,2925,0,3,106,10,1,8.333333333333334,5.666666666666667,2.0,5.666666666666667,2.9499999999999997,4.923333333333334,39.78176063042256,Medium,2
187,HealthTech,9,5,4,10,5,8,1,2,2,7,5,7,1120,8,4,61,8,6,3.6666666666666665,7.666666666666667,6.5,6.333333333333333,3.4133333333333336,5.516,49.06301522900568,Medium,1
188,E-Commerce,5,17,1,9,1,7,7,8,3,3,4,2,446,16,1,184,9,7,8.0,5.666666666666667,3.0,3.0,3.297333333333333,4.5928,55.4984789013253,High,2
189,E-Commerce,2,11,9,4,1,8,9,6,10,8,2,9,2832,9,0,347,7,8,7.333333333333333,4.333333333333333,5.5,6.333333333333333,3.388,5.377599999999999,39.78266157731775,Medium,2
190,SaaS,2,13,8,4,9,3,10,6,1,7,1,10,3568,17,9,191,5,2,7.0,5.333333333333333,5.0,6.0,8.212,6.309066666666666,72.06854403978579,High,0
191,E-Commerce,8,15,8,7,10,4,5,8,7,6,8,10,2896,18,10,437,9,7,7.333333333333333,7.0,8.0,8.0,8.264000000000001,7.7194666666666665,52.34141082277473,High,3
192,EdTech,6,15,10,2,6,6,2,1,1,6,4,3,721,6,4,362,8,6,3.6666666666666665,4.666666666666667,8.0,4.333333333333333,2.814,4.696133333333334,34.01840334191234,Low,1
193,FinTech,4,3,6,8,10,7,10,2,9,2,5,0,2163,18,8,400,10,9,7.333333333333333,8.333333333333334,5.0,2.3333333333333335,7.108666666666667,6.021733333333334,41.19384473081208,Medium,2
194,E-Commerce,9,6,7,6,5,9,6,9,1,5,6,8,2582,14,4,124,9,8,8.0,6.666666666666667,8.0,6.333333333333333,5.388000000000001,6.877599999999999,82.46502073679434,High,3
195,E-Commerce,6,6,6,3,1,1,7,8,5,4,8,4,1351,8,10,357,10,4,8.333333333333334,1.6666666666666667,6.0,5.333333333333333,5.567333333333333,5.380133333333333,48.158014072790486,Medium,0
196,HealthTech,8,7,9,9,6,8,2,7,7,0,8,5,3980,9,9,10,8,9,5.666666666666667,7.666666666666667,8.5,4.333333333333333,7.153333333333333,6.664,66.2192964806011,High,3
197,HealthTech,0,14,3,5,6,8,2,7,3,10,7,2,4502,19,8,72,6,1,5.0,6.333333333333333,1.5,6.333333333333333,8.834666666666665,5.600266666666665,49.2028121555755,Medium,3
198,AgriTech,6,10,3,8,3,6,10,5,9,2,4,10,3384,19,9,257,4,6,6.333333333333333,5.666666666666667,4.5,5.333333333333333,8.422666666666666,6.0512,51.67005522804467,Medium,0
199,CleanTech,5,16,3,7,8,4,10,2,8,0,6,9,1725,3,5,240,9,8,7.0,6.333333333333333,4.0,5.0,3.3166666666666664,5.13,42.35696717249829,Medium,2
200,EdTech,9,15,10,8,1,3,1,6,3,3,4,7,693,5,2,235,9,4,5.333333333333333,4.0,9.5,4.666666666666667,1.962,5.0924,43.51978929855278,Medium,1
201,E-Commerce,8,8,3,7,1,3,4,10,5,9,7,6,3413,3,3,432,10,2,8.0,3.6666666666666665,5.5,7.333333333333333,3.7753333333333337,5.655066666666666,36.37002489616586,Low,2
202,AI,0,3,9,3,6,6,7,3,7,2,1,0,494,4,3,28,10,2,6.666666666666667,5.0,4.5,1.0,1.9959999999999998,3.832533333333333,39.695720201932225,Medium,2
203,E-Commerce,3,8,4,2,10,8,9,4,4,10,5,9,947,8,0,40,9,10,7.333333333333333,6.666666666666667,3.5,8.0,1.9646666666666668,5.492933333333333,64.86577392839874,High,2
204,FinTech,8,7,7,7,1,7,3,10,5,3,10,4,22,11,2,342,10,1,7.666666666666667,5.0,7.5,5.666666666666667,2.5146666666666664,5.669600000000001,40.06721063838093,Medium,1
205,AgriTech,3,18,9,3,6,1,7,2,3,8,10,9,1128,7,2,130,3,5,4.0,3.3333333333333335,6.0,9.0,2.5853333333333333,4.983733333333334,51.737926560815396,Medium,1
206,CleanTech,9,3,7,3,1,6,7,2,9,2,4,8,557,20,0,33,3,6,4.0,3.3333333333333335,8.0,4.666666666666667,3.7046666666666668,4.740933333333333,48.63071087713185,Medium,1
207,AI,2,4,9,2,6,7,7,8,10,5,7,10,1616,4,8,334,6,4,7.0,5.0,5.5,7.333333333333333,4.410666666666667,5.8488,37.627446446214975,Medium,0
208,AgriTech,8,6,3,4,3,7,2,8,9,5,9,5,3730,10,10,480,6,4,5.333333333333333,4.666666666666667,5.5,6.333333333333333,7.486666666666667,5.864,23.912331860785688,Low,3
209,SaaS,1,6,4,8,8,9,6,10,7,6,5,7,1656,10,0,220,6,5,7.333333333333333,8.333333333333334,2.5,6.0,2.7706666666666666,5.387466666666667,44.58275647705738,Medium,2
210,CleanTech,3,2,8,1,6,10,2,6,10,8,4,9,4173,12,8,458,5,5,4.333333333333333,5.666666666666667,5.5,7.0,7.448666666666667,5.989733333333334,21.028400849292606,Low,3
211,E-Commerce,5,9,6,1,1,5,6,5,2,6,9,0,806,13,0,170,5,9,5.333333333333333,2.3333333333333335,5.5,5.0,2.704,4.174133333333333,55.61184805230297,High,1
212,E-Commerce,1,13,5,5,5,1,10,8,7,0,5,9,3312,7,1,264,2,8,6.666666666666667,3.6666666666666665,3.0,4.666666666666667,3.7079999999999997,4.3416,49.4813549040041,Medium,0
213,CleanTech,7,5,4,5,8,2,3,4,7,7,9,10,4863,17,1,68,7,9,4.666666666666667,5.0,5.5,8.666666666666666,6.408666666666666,6.0484,52.15161134352204,High,3
214,E-Commerce,7,14,8,1,3,4,2,4,5,4,8,6,453,18,5,123,4,3,3.3333333333333335,2.6666666666666665,7.5,6.0,4.968666666666667,4.8937333333333335,42.405618304838384,Medium,1
215,EdTech,0,16,1,6,6,5,6,5,9,8,4,2,2975,11,6,426,3,3,4.666666666666667,5.666666666666667,0.5,4.666666666666667,5.816666666666666,4.263333333333334,14.033449155061975,Low,2
216,CleanTech,2,12,9,1,5,9,2,1,3,9,7,8,2324,11,10,169,8,1,3.6666666666666665,5.0,5.5,8.0,6.716,5.776533333333333,38.57178895018663,Medium,3
217,AgriTech,9,11,1,5,6,1,5,1,4,4,5,5,1447,17,0,452,4,10,3.3333333333333335,4.0,5.0,4.666666666666667,3.798,4.1596,27.68294477495848,Low,1
218,CleanTech,8,4,8,9,10,3,2,2,1,4,10,4,2561,9,2,229,4,6,2.6666666666666665,7.333333333333333,8.0,6.0,3.874,5.5748,47.35917449239149,Medium,1
219,AI,4,15,4,5,1,5,3,8,6,1,4,7,2511,6,1,366,8,4,6.333333333333333,3.6666666666666665,4.0,4.0,3.0073333333333334,4.201466666666667,26.14562905613799,Low,1
220,E-Commerce,5,17,9,6,7,3,3,7,4,10,5,7,2871,17,7,178,1,8,3.6666666666666665,5.333333333333333,7.0,7.333333333333333,7.080666666666667,6.0828,60.063276503605266,High,3
221,EdTech,3,11,5,8,9,4,6,10,1,2,5,2,362,11,8,21,9,2,8.333333333333334,7.0,4.0,3.0,4.741333333333333,5.414933333333334,70.76997924818983,High,2
222,EdTech,9,11,3,1,2,3,6,9,2,9,9,1,3454,13,1,466,7,2,7.333333333333333,2.0,6.0,6.333333333333333,4.802666666666667,5.293866666666666,44.809344621196864,Medium,0
223,SaaS,1,13,9,2,10,4,10,5,3,8,9,1,2798,14,1,251,2,7,5.666666666666667,5.333333333333333,5.0,6.0,4.532,5.3064,60.594985329581384,High,0
224,AgriTech,10,10,9,9,5,1,3,2,9,6,6,4,4620,15,9,384,6,5,3.6666666666666665,5.0,9.5,5.333333333333333,8.58,6.4159999999999995,32.41426739503217,Low,3
225,HealthTech,7,2,4,3,10,8,3,7,8,0,4,9,3453,1,8,148,8,1,6.0,7.0,5.5,4.333333333333333,5.135333333333333,5.593733333333333,38.482745365379,Medium,2
226,HealthTech,10,6,4,6,4,4,1,8,7,2,2,6,3255,17,3,106,5,7,4.666666666666667,4.666666666666667,7.0,3.3333333333333335,6.003333333333333,5.134,48.999948946342585,Medium,1
227,CleanTech,5,9,8,5,6,7,7,7,4,1,3,7,1217,11,4,156,6,7,6.666666666666667,6.0,6.5,3.6666666666666665,3.978,5.362266666666668,62.41219521717325,High,2
228,SaaS,4,12,2,2,6,2,8,7,1,0,2,9,1485,15,10,191,10,10,8.333333333333334,3.3333333333333335,3.0,3.6666666666666665,6.823333333333333,5.031333333333334,69.00322238672845,High,0
229,FinTech,8,13,9,7,2,2,2,5,8,8,5,7,2103,12,8,66,8,6,5.0,3.6666666666666665,8.5,6.666666666666667,6.068666666666666,5.9803999999999995,50.52540219770978,Medium,3
230,CleanTech,0,2,6,4,2,6,4,2,4,7,6,7,2536,19,5,51,6,4,4.0,4.0,3.0,6.666666666666667,6.524,4.838133333333333,44.92661787538703,Medium,1
231,SaaS,4,12,9,1,4,2,10,6,3,4,5,9,1855,16,9,363,9,8,8.333333333333334,2.3333333333333335,6.5,6.0,6.903333333333333,6.014,64.69894859497329,High,0
232,AgriTech,5,6,8,4,1,6,7,4,9,10,2,10,4817,17,8,208,9,2,6.666666666666667,3.6666666666666665,6.5,7.333333333333333,8.711333333333334,6.5756,46.95344807392569,Medium,3
233,AgriTech,4,16,7,6,9,2,8,10,10,1,5,2,1207,2,8,40,9,2,9.0,5.666666666666667,5.5,2.6666666666666665,3.8046666666666664,5.3276,55.11752852247713,High,2
234,AgriTech,5,6,1,7,7,4,1,2,4,0,9,10,1448,9,6,189,6,2,3.0,6.0,3.0,6.333333333333333,4.465333333333334,4.559733333333333,24.887456717009577,Low,1
235,AgriTech,5,13,3,7,7,7,4,9,4,6,4,1,1507,0,9,11,9,3,7.333333333333333,7.0,4.0,3.6666666666666665,4.004666666666666,5.200933333333333,57.95551124231567,High,2
236,AgriTech,6,6,2,7,3,8,6,7,9,10,10,3,1003,5,8,476,3,6,5.333333333333333,6.0,4.0,7.666666666666667,4.168666666666667,5.4337333333333335,25.985861140058198,Low,2
237,SaaS,3,18,5,3,3,3,3,6,2,10,2,0,925,2,4,431,5,1,4.666666666666667,3.0,4.0,4.0,2.283333333333333,3.5900000000000007,21.85667136160104,Low,1
238,SaaS,10,18,5,6,1,9,5,5,5,1,3,2,4951,18,4,297,2,2,4.0,5.333333333333333,7.5,2.0,7.634,5.293466666666666,44.28018847809045,Medium,0
239,EdTech,7,13,5,8,3,2,10,3,4,0,3,10,83,3,7,147,8,10,7.0,4.333333333333333,6.0,4.333333333333333,2.888666666666667,4.911066666666666,62.70169948615993,High,2
240,AI,6,16,4,4,3,8,9,10,9,1,9,8,3742,19,9,114,4,2,7.666666666666667,5.0,5.0,6.0,8.661333333333333,6.4656,63.925035212007806,High,0
241,HealthTech,8,16,5,8,4,8,3,10,5,6,4,6,3927,2,3,401,6,1,6.333333333333333,6.666666666666667,6.5,5.333333333333333,3.951333333333333,5.7569333333333335,36.968704108017526,Low,2
242,E-Commerce,6,7,3,2,4,4,5,4,9,6,1,6,1542,7,8,227,6,3,5.0,3.3333333333333335,4.5,4.333333333333333,4.8613333333333335,4.405600000000001,27.45920962932041,Low,2
243,AgriTech,2,13,1,10,3,1,8,3,9,9,1,0,985,7,6,231,5,10,5.333333333333333,4.666666666666667,1.5,3.3333333333333335,3.823333333333333,3.731333333333333,31.670235417423726,Low,2
244,FinTech,2,19,5,9,10,1,6,8,2,5,7,6,4231,6,6,340,1,7,5.0,6.666666666666667,3.5,6.0,5.820666666666667,5.397466666666667,53.11922830895271,High,3
245,E-Commerce,7,15,9,9,8,2,4,3,9,4,7,9,908,1,2,114,7,1,4.666666666666667,6.333333333333333,8.0,6.666666666666667,1.4386666666666665,5.4210666666666665,33.116855815462046,Low,1
246,SaaS,4,3,9,8,8,9,8,7,3,2,2,6,2908,20,3,413,10,7,8.333333333333334,8.333333333333334,6.5,3.3333333333333335,6.271999999999999,6.554399999999999,59.056618506049844,High,2
247,FinTech,3,10,4,10,1,2,3,7,4,2,9,3,4685,5,6,413,8,5,6.0,4.333333333333333,3.5,4.666666666666667,5.956666666666666,4.891333333333334,32.248343008501934,Low,3
248,FinTech,7,6,3,10,7,2,3,7,1,10,9,6,2737,15,10,136,1,9,3.6666666666666665,6.333333333333333,5.0,8.333333333333334,7.658,6.198266666666667,67.97328992771403,High,3
249,FinTech,5,2,1,1,2,6,4,7,1,8,5,7,2586,9,10,274,10,2,7.0,3.0,3.0,6.666666666666667,6.557333333333333,5.2448,46.73226561115732,Medium,0
250,EdTech,1,4,2,2,1,7,9,2,1,3,3,2,1143,3,4,209,7,1,6.0,3.3333333333333335,1.5,2.6666666666666665,2.595333333333333,3.2190666666666665,38.24174207091652,Medium,2
251,SaaS,3,7,8,6,3,7,5,10,9,8,3,9,1331,12,2,261,4,9,6.333333333333333,5.333333333333333,5.5,6.666666666666667,3.554,5.4774666666666665,46.275785850929324,Medium,3
252,FinTech,10,6,1,10,4,9,8,3,8,3,3,1,3348,9,0,24,6,8,5.666666666666667,7.666666666666667,5.5,2.3333333333333335,3.7319999999999998,4.979733333333334,54.1982623737548,High,2
253,AgriTech,3,6,8,5,6,6,6,10,5,1,6,6,1553,20,6,235,9,10,8.333333333333334,5.666666666666667,5.5,4.333333333333333,6.368666666666667,6.0404,65.19957475306548,High,3
254,CleanTech,5,2,7,9,10,8,3,9,5,3,4,4,2342,13,5,481,5,6,5.666666666666667,9.0,6.0,3.6666666666666665,5.394666666666667,5.945600000000001,37.8238528693657,Medium,3
255,FinTech,5,18,8,5,5,6,8,3,9,5,8,4,1806,8,9,362,8,5,6.333333333333333,5.333333333333333,6.5,5.666666666666667,5.537333333333334,5.874133333333333,36.279029259751994,Low,0
256,EdTech,0,20,6,2,4,2,9,2,3,5,5,4,2100,10,6,114,5,8,5.333333333333333,2.6666666666666665,3.0,4.666666666666667,5.066666666666666,4.1466666666666665,55.42069715270747,High,0
257,E-Commerce,7,15,9,10,8,1,8,9,3,4,1,6,805,17,1,242,2,8,6.333333333333333,6.333333333333333,8.0,3.6666666666666665,3.703333333333333,5.607333333333333,69.63163284612126,High,1
258,SaaS,5,13,3,4,4,5,4,10,7,0,9,8,4147,10,3,328,4,5,6.0,4.333333333333333,4.0,5.666666666666667,5.431333333333334,5.086266666666667,38.50932329878702,Medium,1
259,AI,2,11,10,9,10,9,6,9,9,2,1,10,2775,16,1,497,2,7,5.666666666666667,9.333333333333334,6.0,4.333333333333333,4.8500000000000005,6.036666666666667,35.491001042095235,Low,3
260,EdTech,8,19,4,1,2,8,1,4,6,4,6,7,71,1,7,228,7,1,4.0,3.6666666666666665,6.0,5.666666666666667,2.5473333333333334,4.376133333333334,22.72653558890393,Low,1
261,FinTech,1,12,6,1,3,4,4,9,2,5,1,5,27,2,6,286,7,4,6.666666666666667,2.6666666666666665,3.5,3.6666666666666665,2.3513333333333333,3.7702666666666667,40.56122985257505,Medium,1
262,SaaS,10,3,8,7,6,5,8,3,1,0,3,6,468,10,0,270,3,2,4.666666666666667,6.0,9.0,3.0,1.9786666666666666,4.9290666666666665,53.12238162308586,High,1
263,CleanTech,7,19,5,3,8,5,1,7,2,8,10,8,3983,17,1,390,7,10,5.0,5.333333333333333,6.0,8.666666666666666,5.822,6.1644,47.54702192003795,Medium,3
264,FinTech,9,8,3,10,8,6,3,7,1,2,5,10,763,2,1,428,1,3,3.6666666666666665,8.0,6.0,5.666666666666667,1.1753333333333333,4.9017333333333335,34.78210599339904,Low,1
265,EdTech,2,16,6,2,9,3,1,8,10,9,10,5,1424,14,3,350,1,1,3.3333333333333335,4.666666666666667,4.0,8.0,4.282666666666667,4.856533333333333,13.803257223341731,Low,1
266,HealthTech,4,12,4,9,7,5,9,10,10,2,7,0,2248,10,2,461,9,2,9.333333333333334,7.0,4.0,3.0,3.8320000000000003,5.433066666666667,31.51692428742608,Low,2
267,AgriTech,5,19,9,3,2,2,2,4,9,10,10,3,3832,10,0,378,6,1,4.0,2.3333333333333335,7.0,7.666666666666667,4.221333333333333,5.044266666666667,15.607253223137526,Low,1
268,AI,9,13,3,2,8,10,9,3,10,1,8,7,4915,19,1,441,5,8,5.666666666666667,6.666666666666667,6.0,5.333333333333333,6.776666666666666,6.088666666666667,36.485045783118046,Low,0
269,E-Commerce,5,7,4,8,7,1,4,3,8,7,9,6,4060,10,10,345,6,4,4.333333333333333,5.333333333333333,4.5,7.333333333333333,7.706666666666666,5.841333333333333,28.306700342059493,Low,3
270,EdTech,3,14,7,10,8,1,2,5,7,2,6,2,4070,18,8,488,6,3,4.333333333333333,6.333333333333333,5.0,3.3333333333333335,8.38,5.476000000000001,20.62312490427439,Low,3
271,SaaS,2,17,7,6,3,10,4,1,3,5,9,9,1675,0,0,483,1,1,2.0,6.333333333333333,4.5,7.666666666666667,1.1166666666666667,4.323333333333333,12.4905775970545,Low,1
272,AI,3,19,4,6,7,7,10,10,8,1,8,2,559,4,8,199,5,2,8.333333333333334,6.666666666666667,3.5,3.6666666666666665,3.706,5.174533333333334,51.16702654489869,Medium,0
273,AI,0,11,6,10,10,2,6,3,2,6,9,10,4474,9,6,381,9,3,6.0,7.333333333333333,3.0,8.333333333333334,6.482666666666667,6.229866666666666,40.57264184658075,Medium,3
274,AI,3,9,3,7,9,4,7,6,2,3,10,2,3831,9,1,428,4,3,5.666666666666667,6.666666666666667,3.0,5.0,4.387333333333333,4.944133333333334,38.54265833390893,Medium,0
275,FinTech,0,19,6,7,3,5,3,3,10,8,4,0,1918,13,1,207,3,6,3.0,5.0,3.0,4.0,3.7786666666666666,3.755733333333333,17.568764771775133,Low,1
276,AgriTech,0,2,2,6,10,7,3,5,3,9,9,9,78,1,4,362,1,10,3.0,7.666666666666667,1.0,9.0,1.5519999999999998,4.443733333333333,28.928954331001876,Low,1
277,FinTech,9,9,8,4,6,2,10,9,7,8,7,0,4929,3,4,286,2,8,7.0,4.0,8.5,5.0,5.1193333333333335,5.923866666666667,66.1580320917284,High,0
278,SaaS,5,7,2,9,2,6,8,2,1,6,5,5,3647,1,3,345,3,6,4.333333333333333,5.666666666666667,3.5,5.333333333333333,3.5980000000000003,4.486266666666666,42.75128159695839,Medium,2
279,FinTech,4,6,7,6,2,1,5,2,8,7,5,0,1031,17,9,48,4,2,3.6666666666666665,3.0,5.5,4.0,6.520666666666666,4.537466666666666,39.28969346783469,Medium,1
280,HealthTech,10,16,9,4,5,7,4,6,7,2,1,4,2072,12,9,171,7,2,5.666666666666667,5.333333333333333,9.5,2.3333333333333335,6.381333333333333,5.842933333333333,50.131538246697275,Medium,3
281,AgriTech,3,16,1,3,5,9,7,6,4,10,2,3,4545,18,2,499,6,7,6.333333333333333,5.666666666666667,2.0,5.0,6.696666666666666,5.139333333333333,36.11565755609144,Low,2
282,AgriTech,10,3,8,4,7,5,7,8,5,4,10,4,1484,4,3,130,8,1,7.666666666666667,5.333333333333333,9.0,6.0,2.656,6.1312,61.88829459762207,High,0
283,SaaS,2,2,7,3,2,5,9,2,10,1,3,6,2245,19,9,389,9,1,6.666666666666667,3.3333333333333335,4.5,3.3333333333333335,7.663333333333334,5.099333333333333,24.962685782757667,Low,0
284,E-Commerce,0,12,6,2,7,4,9,9,1,9,8,5,1550,1,3,408,6,7,8.0,4.333333333333333,3.0,7.333333333333333,2.1999999999999997,4.973333333333333,53.63381914392025,High,0
285,HealthTech,5,11,6,5,5,3,5,2,4,6,6,8,4785,10,1,271,7,9,4.666666666666667,4.333333333333333,5.5,6.666666666666667,5.19,5.271333333333334,44.60633125414811,Medium,1
286,EdTech,1,19,6,2,6,9,8,1,1,7,10,5,4682,17,4,459,4,5,4.333333333333333,5.666666666666667,3.5,7.333333333333333,7.288,5.624266666666666,41.51698435055241,Medium,0
287,FinTech,7,19,9,6,8,5,10,10,1,8,5,8,1829,5,4,225,2,1,7.333333333333333,6.333333333333333,8.0,7.0,3.3859999999999997,6.410533333333333,75.76062441626148,High,0
288,CleanTech,9,18,2,3,10,8,1,2,10,10,1,3,3751,9,4,321,9,5,4.0,7.0,5.5,4.666666666666667,5.334,5.300133333333333,15.02193805689779,Low,2
289,FinTech,4,9,1,6,4,9,9,7,1,10,9,0,4722,16,10,58,9,1,8.333333333333334,6.333333333333333,2.5,6.333333333333333,9.148000000000001,6.5296,75.4443920560509,High,0
290,AI,6,16,6,10,7,5,8,8,7,6,3,0,2031,10,10,101,4,10,6.666666666666667,7.333333333333333,6.0,3.0,6.354,5.8708,69.62157227245834,High,3
291,FinTech,9,9,10,9,6,10,6,5,7,9,3,9,4459,18,9,138,3,9,4.666666666666667,8.333333333333334,9.5,7.0,8.972666666666667,7.694533333333334,71.86252751641973,High,3
292,EdTech,1,18,8,1,10,9,3,6,4,9,2,6,3856,16,0,330,10,4,6.333333333333333,6.666666666666667,4.5,5.666666666666667,5.237333333333333,5.6808,37.65297327491192,Medium,3
293,FinTech,7,13,3,6,2,2,3,1,2,7,4,2,2182,3,5,37,6,9,3.3333333333333335,3.3333333333333335,5.0,4.333333333333333,3.6213333333333337,3.9242666666666666,48.9310265088608,Medium,1
294,HealthTech,1,9,10,9,8,9,8,6,3,8,2,1,4469,13,10,365,3,2,5.666666666666667,8.666666666666666,5.5,3.6666666666666665,8.479333333333335,6.3958666666666675,54.70023995218977,High,3
295,HealthTech,3,15,1,4,10,4,5,8,8,5,9,5,2094,19,1,157,1,7,4.666666666666667,6.0,2.0,6.333333333333333,4.896,4.7792,41.99313478465868,Medium,1
296,AgriTech,0,5,9,2,9,6,10,3,8,9,10,5,3903,3,6,441,4,2,5.666666666666667,5.666666666666667,4.5,8.0,5.102,5.787066666666667,31.046179534690953,Low,0
297,SaaS,4,2,1,4,5,6,7,1,6,1,7,6,3032,13,3,337,1,4,3.0,5.0,2.5,4.666666666666667,5.188,4.0709333333333335,24.44404068676178,Low,1
298,E-Commerce,8,2,3,1,10,6,5,4,10,1,8,4,1548,3,4,74,2,6,3.6666666666666665,5.666666666666667,5.5,4.333333333333333,2.8653333333333335,4.4064,36.644813699197854,Low,1
299,CleanTech,0,20,8,3,4,2,8,1,9,3,3,7,367,5,4,227,3,2,4.0,3.0,4.0,4.333333333333333,2.4113333333333333,3.5489333333333333,21.524221957277092,Low,1
300,AI,8,17,3,10,6,7,10,8,9,8,6,6,64,8,4,60,8,2,8.666666666666666,7.666666666666667,5.5,6.666666666666667,2.7093333333333334,6.241866666666667,59.22524573326567,High,2
301,FinTech,10,15,4,9,8,6,10,5,4,6,10,1,3299,20,1,436,10,2,8.333333333333334,7.666666666666667,7.0,5.666666666666667,5.866,6.906533333333334,52.581513170342035,High,2
302,FinTech,7,17,8,10,3,1,4,1,1,1,6,0,4849,11,4,314,4,3,3.0,4.666666666666667,7.5,2.3333333333333335,6.399333333333334,4.779866666666667,41.32343092590312,Medium,1
303,EdTech,5,6,1,5,10,2,2,8,1,7,1,8,2035,7,2,418,4,5,4.666666666666667,5.666666666666667,3.0,5.333333333333333,3.19,4.371333333333334,32.443548169125755,Low,1
304,SaaS,6,10,6,6,1,7,3,9,10,10,6,4,2863,3,3,83,10,9,7.333333333333333,4.666666666666667,6.0,6.666666666666667,3.4086666666666665,5.615066666666666,48.99829721036809,Medium,3
305,HealthTech,2,3,1,3,4,1,8,10,5,6,3,10,1876,4,1,469,9,6,9.0,2.6666666666666665,1.5,6.333333333333333,2.2506666666666666,4.350133333333334,34.91784865894055,Low,2
306,CleanTech,0,19,1,5,4,1,7,2,2,8,3,4,4851,5,3,434,7,9,5.333333333333333,3.3333333333333335,0.5,5.0,5.067333333333333,3.8467999999999996,31.04002306424051,Low,2
307,AgriTech,4,7,8,8,1,1,2,9,6,7,3,9,2228,4,8,208,2,10,4.333333333333333,3.3333333333333335,6.0,6.333333333333333,4.818666666666666,4.963733333333333,49.2302910358787,Medium,3
308,HealthTech,1,10,4,6,9,8,6,8,7,2,10,3,596,18,7,201,3,5,5.666666666666667,7.666666666666667,2.5,5.0,5.730666666666667,5.312800000000001,45.35531843968009,Medium,0
309,AI,4,2,1,4,3,4,9,7,1,0,10,1,3606,7,10,198,4,6,6.666666666666667,3.6666666666666665,2.5,3.6666666666666665,6.904,4.6808,64.41860395275435,High,0
310,SaaS,7,10,10,2,5,4,4,3,6,1,8,4,2674,8,2,21,4,10,3.6666666666666665,3.6666666666666665,8.5,4.333333333333333,3.782666666666666,4.789866666666667,56.59823474471668,High,1
311,AI,10,17,7,9,6,2,9,2,8,1,5,1,3889,14,0,248,10,8,7.0,5.666666666666667,8.5,2.3333333333333335,4.925999999999999,5.6852,50.94404218833992,Medium,2
312,E-Commerce,8,14,5,1,8,1,2,7,5,3,4,6,3506,3,0,369,8,3,5.666666666666667,3.3333333333333335,6.5,4.333333333333333,2.8373333333333335,4.534133333333333,28.316911073538286,Low,1
313,AgriTech,1,10,5,1,6,10,2,5,7,5,9,10,1834,8,5,90,10,2,5.666666666666667,5.666666666666667,3.0,8.0,4.222666666666666,5.3112,33.29073856623312,Low,1
314,E-Commerce,2,14,1,4,3,9,9,6,10,3,9,8,1395,6,2,462,10,3,8.333333333333334,5.333333333333333,1.5,6.666666666666667,2.5966666666666667,4.886000000000001,18.36700372091068,Low,2
315,EdTech,2,10,10,7,6,7,7,4,6,8,1,8,1586,7,3,392,6,9,5.666666666666667,6.666666666666667,6.0,5.666666666666667,3.224,5.444800000000001,40.38809789088332,Medium,2
316,AI,0,12,6,1,1,4,7,2,4,3,2,10,111,14,0,279,3,6,4.0,2.0,3.0,5.0,2.4073333333333333,3.2814666666666668,31.202193505374144,Low,1
317,EdTech,7,5,9,9,4,6,1,9,7,5,8,5,452,18,7,299,9,10,6.333333333333333,6.333333333333333,8.0,6.0,5.634666666666667,6.460266666666667,48.95505175939911,Medium,3
318,FinTech,5,3,9,4,6,2,6,3,10,5,5,0,2803,14,0,57,10,4,6.333333333333333,4.0,7.0,3.3333333333333335,4.202,4.973733333333333,41.86880411312289,Medium,2
319,E-Commerce,7,7,8,3,7,7,7,7,9,9,7,5,2631,4,4,326,8,10,7.333333333333333,5.666666666666667,7.5,7.0,3.754,6.2508,49.39531447551375,Medium,3
320,SaaS,10,15,5,1,10,2,6,8,10,10,1,4,2186,18,5,218,9,3,7.666666666666667,4.333333333333333,7.5,5.0,6.124,6.1248,47.021319406696435,Medium,2
321,AI,8,5,1,10,3,10,6,2,10,9,10,3,4348,6,1,44,5,2,4.333333333333333,7.666666666666667,4.5,7.333333333333333,4.232,5.613066666666667,36.6297979176114,Low,2
322,CleanTech,4,7,9,4,9,8,2,6,7,0,5,5,2004,5,6,128,3,4,3.6666666666666665,7.0,6.5,3.3333333333333335,4.169333333333333,4.933866666666666,39.67019337323526,Medium,1
323,AgriTech,2,20,1,9,7,8,6,8,5,7,3,5,1459,18,6,74,4,9,6.0,8.0,1.5,5.0,5.972666666666666,5.294533333333333,60.03759951709245,High,2
324,HealthTech,4,7,8,10,1,1,4,7,7,2,10,5,1942,16,0,324,5,4,5.333333333333333,4.0,6.0,5.666666666666667,3.9613333333333336,4.992266666666667,33.94602727466565,Low,1
325,SaaS,4,3,5,6,2,8,9,3,3,5,2,1,3493,9,3,251,9,5,7.0,5.333333333333333,4.5,2.6666666666666665,4.828666666666667,4.865733333333333,50.71234867846106,Medium,2
326,SaaS,4,19,3,6,1,2,1,1,2,2,2,6,1857,18,3,45,9,8,3.6666666666666665,3.0,3.5,3.3333333333333335,5.238,3.7476,41.5395080229321,Medium,1
327,EdTech,2,14,7,1,9,6,8,6,5,10,9,3,61,10,4,472,3,2,5.666666666666667,5.333333333333333,4.5,7.333333333333333,3.0406666666666666,5.174799999999999,32.23077454404579,Low,0
328,E-Commerce,10,10,7,10,9,1,5,8,4,1,4,8,1494,14,0,261,7,3,6.666666666666667,6.666666666666667,8.5,4.333333333333333,3.329333333333333,5.8992,53.64162735034519,High,1
329,AI,9,20,9,2,7,5,1,6,5,4,4,9,1180,9,0,412,6,6,4.333333333333333,4.666666666666667,9.0,5.666666666666667,2.2866666666666666,5.190666666666667,31.153692530849913,Low,1
330,AI,3,14,7,6,10,7,4,5,8,0,7,1,4901,10,6,252,4,7,4.333333333333333,7.666666666666667,5.0,2.6666666666666665,6.934,5.320133333333334,38.51412834889468,Medium,3
331,FinTech,8,12,3,2,3,10,1,8,4,8,10,4,2788,2,8,51,5,4,4.666666666666667,5.0,5.5,7.333333333333333,4.858666666666667,5.471733333333334,52.79353600634267,High,3
332,FinTech,9,2,1,3,5,1,6,2,9,10,10,3,1875,2,0,78,10,1,6.0,3.0,5.0,7.666666666666667,1.5833333333333333,4.65,30.449452374445542,Low,2
333,AgriTech,8,8,8,4,4,2,2,1,7,6,2,8,2208,17,1,412,2,7,1.6666666666666667,3.3333333333333335,8.0,5.333333333333333,4.6386666666666665,4.594399999999999,20.526122955225926,Low,1
334,EdTech,1,16,3,5,7,7,5,1,10,2,3,3,4636,10,5,116,7,9,4.333333333333333,6.333333333333333,2.0,2.6666666666666665,6.4239999999999995,4.351466666666666,30.50020571620773,Low,2
335,SaaS,7,2,8,9,9,6,7,4,7,3,3,7,4721,19,5,48,4,1,5.0,8.0,7.5,4.333333333333333,7.980666666666667,6.5628,60.1646330293138,High,0
336,AI,7,13,8,4,2,3,2,6,8,5,6,7,105,17,1,78,2,1,3.3333333333333335,3.0,7.5,6.0,3.236666666666667,4.614000000000001,36.4129700315031,Low,1
337,CleanTech,6,8,5,9,8,10,6,9,6,2,3,5,1154,14,8,189,6,1,7.0,9.0,5.5,3.3333333333333335,5.769333333333333,6.1205333333333325,53.30827699912606,High,2
338,EdTech,7,16,1,10,9,2,6,1,8,6,5,5,3428,6,3,21,2,10,3.0,7.0,4.0,5.333333333333333,4.285333333333333,4.723733333333334,45.96060459542979,Medium,2
339,AgriTech,2,20,10,3,10,10,5,1,3,5,4,10,4087,9,6,348,10,7,5.333333333333333,7.666666666666667,6.0,6.333333333333333,6.224666666666667,6.3116,44.10570509605595,Medium,3
340,AgriTech,5,2,7,8,10,4,5,5,10,8,3,7,1708,20,5,440,2,9,4.0,7.333333333333333,6.0,6.0,6.1386666666666665,5.894399999999999,30.6617755260779,Low,3
341,EdTech,0,18,10,1,9,3,3,10,10,4,8,9,2823,19,10,213,7,3,6.666666666666667,4.333333333333333,5.0,7.0,8.382,6.2764,42.75623680488193,Medium,3
342,AgriTech,6,18,5,9,10,7,10,5,1,3,10,8,3925,9,10,45,1,8,5.333333333333333,8.666666666666666,5.5,7.0,7.45,6.790000000000001,86.96885426583339,High,0
343,EdTech,0,4,8,9,7,8,10,5,6,2,3,4,1908,12,2,135,7,9,7.333333333333333,8.0,4.0,3.0,3.9386666666666663,5.2543999999999995,60.0889534901181,High,2
344,HealthTech,8,13,9,10,9,2,2,10,1,9,6,10,2049,14,7,72,10,3,7.333333333333333,7.0,8.5,8.333333333333334,6.032666666666667,7.439866666666665,75.91228381028459,High,3
345,EdTech,0,7,7,2,9,10,7,6,9,0,7,0,4464,17,6,341,5,3,6.0,7.0,3.5,2.3333333333333335,7.809333333333334,5.328533333333334,33.67213941852887,Low,0
346,E-Commerce,0,12,7,4,3,7,1,8,2,2,7,0,1274,3,8,91,1,1,3.3333333333333335,4.666666666666667,3.5,3.0,4.016,3.7032,41.36472432526585,Medium,1
347,EdTech,6,4,1,8,4,8,6,3,2,2,2,1,945,19,2,316,6,2,5.0,6.666666666666667,3.5,1.6666666666666667,4.463333333333334,4.259333333333334,35.019505500280786,Low,2
348,AgriTech,1,9,4,7,2,6,6,9,7,6,3,9,3904,16,0,308,7,7,7.333333333333333,5.0,2.5,6.0,5.269333333333333,5.220533333333333,42.4406050759348,Medium,2
349,AI,4,15,2,1,10,6,3,1,2,6,10,9,2227,2,1,43,1,3,1.6666666666666667,5.666666666666667,3.0,8.333333333333334,2.151333333333333,4.163600000000001,37.61062877083815,Medium,1
350,E-Commerce,7,15,2,5,3,10,2,4,10,0,10,4,3796,20,10,249,9,7,5.0,6.0,4.5,4.666666666666667,9.197333333333333,5.8728,31.55581516173498,Low,3
351,AgriTech,7,11,2,7,5,1,2,9,8,2,4,3,292,20,0,106,7,5,6.0,4.333333333333333,4.5,3.0,3.528,4.272266666666666,38.51457882234227,Medium,1
352,FinTech,2,3,4,4,5,4,9,8,6,7,7,0,4679,1,10,58,1,10,6.0,4.333333333333333,3.0,4.666666666666667,6.6193333333333335,4.923866666666667,68.57932687254304,High,0
353,FinTech,6,15,1,1,6,1,5,10,7,8,2,3,2222,3,4,155,3,8,6.0,2.6666666666666665,3.5,4.333333333333333,3.314666666666666,3.9629333333333334,46.85809786085175,Medium,2
354,AI,2,10,4,9,7,4,7,9,7,6,3,3,3973,0,9,134,5,5,7.0,6.666666666666667,3.0,4.0,5.648666666666666,5.263066666666667,53.65394029124608,High,2
355,AI,5,4,2,5,7,2,5,1,6,6,7,9,2491,14,1,198,4,3,3.3333333333333335,4.666666666666667,3.5,7.333333333333333,4.327333333333333,4.632133333333333,29.25614821177056,Low,1
356,E-Commerce,5,9,5,2,1,5,7,9,10,10,7,3,2475,0,2,66,2,9,6.0,2.6666666666666665,5.0,6.666666666666667,2.316666666666667,4.529999999999999,52.380001381451905,High,2
357,HealthTech,2,17,3,8,2,10,4,3,9,7,10,0,4860,5,7,358,1,7,2.6666666666666665,6.666666666666667,2.5,5.666666666666667,6.406666666666666,4.781333333333333,20.277011138706776,Low,3
358,AI,6,3,8,2,9,9,8,10,9,5,3,8,3729,6,9,118,4,5,7.333333333333333,6.666666666666667,7.0,5.333333333333333,6.486,6.563866666666667,66.08670712919277,High,0
359,FinTech,2,7,4,3,10,10,10,9,7,10,1,2,427,18,4,14,7,7,8.666666666666666,7.666666666666667,3.0,4.333333333333333,4.617999999999999,5.656933333333333,69.59048960457437,High,2
360,EdTech,7,13,1,10,2,3,10,1,9,2,3,3,2972,11,3,482,4,10,5.0,5.0,4.0,2.6666666666666665,4.814666666666667,4.296266666666667,25.91108254775769,Low,2
361,AgriTech,9,6,1,1,6,8,7,1,10,0,5,4,106,0,4,33,9,9,5.666666666666667,5.0,5.0,3.0,1.404,4.0141333333333336,37.95328890664088,Medium,2
362,FinTech,3,3,10,2,1,3,10,9,3,6,7,6,3619,6,9,230,8,5,9.0,2.0,6.5,6.333333333333333,6.4126666666666665,6.0492,73.44368931747263,High,0
363,FinTech,0,17,3,7,3,6,5,6,3,0,4,5,4754,18,5,457,8,7,6.333333333333333,5.333333333333333,1.5,3.0,7.835999999999999,4.800533333333332,35.52208370997918,Low,3
364,HealthTech,3,6,9,10,2,4,6,4,1,0,1,4,3333,12,6,324,5,9,5.0,5.333333333333333,6.0,1.6666666666666667,6.222,4.8444,54.57440770249531,High,3
365,E-Commerce,6,16,7,2,3,8,5,7,5,8,6,7,3992,11,8,303,1,1,4.333333333333333,4.333333333333333,6.5,7.0,7.161333333333334,5.8656,45.90609730827098,Medium,0
366,E-Commerce,10,13,2,6,5,6,7,5,4,9,2,0,1225,11,0,426,9,4,7.0,5.666666666666667,6.0,3.6666666666666665,2.65,4.996666666666667,36.876206893445,Low,2
367,SaaS,3,5,9,3,10,8,2,10,2,6,3,6,4004,12,3,19,2,1,4.666666666666667,7.0,6.0,5.0,5.669333333333333,5.6672,63.770522819483254,High,3
368,HealthTech,5,16,10,4,6,1,5,7,9,10,4,5,4250,13,8,174,6,8,6.0,3.6666666666666665,7.5,6.333333333333333,7.666666666666667,6.2333333333333325,55.54457735079566,High,3
369,EdTech,8,12,2,8,9,6,10,8,3,3,6,10,3368,11,4,490,10,3,9.333333333333334,7.666666666666667,5.0,6.333333333333333,5.412,6.749066666666667,53.56534717988606,High,2
370,E-Commerce,0,17,3,3,10,1,3,8,8,5,6,4,895,19,7,224,5,2,5.333333333333333,4.666666666666667,1.5,5.0,6.096666666666667,4.519333333333334,27.71432775847415,Low,1
371,AgriTech,4,7,10,10,4,1,9,1,6,0,7,6,3905,11,0,135,10,4,6.666666666666667,5.0,7.0,4.333333333333333,4.4366666666666665,5.487333333333334,51.86420928395744,High,2
372,AI,10,15,2,6,7,8,6,8,5,6,5,2,1620,5,3,276,8,3,7.333333333333333,7.0,6.0,4.333333333333333,2.9133333333333336,5.516,46.810647991038586,Medium,2
373,HealthTech,6,19,3,1,6,7,10,6,1,5,7,0,3863,9,8,289,3,5,6.333333333333333,4.666666666666667,4.5,4.0,6.742,5.2484,63.8451512539679,High,0
374,AI,0,13,6,7,2,3,3,4,4,3,2,8,2292,19,0,97,6,8,4.333333333333333,4.0,3.0,4.333333333333333,4.6946666666666665,4.072266666666666,43.31962893000542,Medium,1
375,FinTech,3,12,9,8,10,6,7,8,3,6,1,1,1385,8,0,464,6,10,7.0,8.0,6.0,2.6666666666666665,2.2566666666666664,5.184666666666667,49.005955258977174,Medium,2
376,AgriTech,5,14,9,8,8,9,4,3,1,2,10,9,3899,1,3,123,10,8,5.666666666666667,8.333333333333334,7.0,7.0,3.766,6.353199999999999,62.59328554310577,High,3
377,AgriTech,1,12,7,3,7,7,3,4,5,0,8,2,3592,6,2,30,3,7,3.3333333333333335,5.666666666666667,4.0,3.3333333333333335,4.061333333333334,4.0789333333333335,44.712342672148424,Medium,1
378,FinTech,9,17,3,10,7,3,8,6,6,3,1,7,2433,8,6,157,7,8,7.0,6.666666666666667,6.0,3.6666666666666665,4.955333333333333,5.657733333333334,60.79469522468113,High,2
379,HealthTech,4,16,4,1,8,6,4,7,2,2,2,9,2806,11,10,254,4,5,5.0,5.0,4.0,4.333333333333333,7.037333333333334,5.074133333333333,50.63787040179227,Medium,0
380,FinTech,10,16,6,9,1,4,1,4,3,0,10,8,3383,4,2,275,5,10,3.3333333333333335,4.666666666666667,8.0,6.0,3.5886666666666667,5.117733333333334,44.02957508341266,Medium,1
381,AI,9,5,5,6,1,3,6,4,6,1,6,2,1301,0,0,226,9,10,6.333333333333333,3.3333333333333335,7.0,3.0,0.8673333333333333,4.1068,43.12397329593402,Medium,2
382,SaaS,0,12,2,9,8,9,10,7,4,10,1,5,758,14,10,440,6,6,7.666666666666667,8.666666666666666,1.0,5.333333333333333,6.172,5.767733333333333,46.60102768009177,Medium,2
383,AgriTech,5,20,6,7,4,10,1,6,9,4,10,6,746,7,9,493,10,8,5.666666666666667,7.0,5.5,6.666666666666667,4.664000000000001,5.899466666666667,18.995113864671772,Low,3
384,CleanTech,5,16,3,1,5,2,5,8,5,7,3,0,592,0,1,249,4,1,5.666666666666667,2.6666666666666665,4.0,3.3333333333333335,0.7280000000000001,3.2789333333333337,30.428580438040377,Low,1
385,CleanTech,3,5,8,1,8,1,7,1,4,0,7,6,2886,17,9,440,8,6,5.333333333333333,3.3333333333333335,5.5,4.333333333333333,7.7573333333333325,5.2514666666666665,37.351156065024334,Medium,0
386,AI,7,14,2,6,5,2,6,10,2,3,8,3,4111,12,3,408,9,6,8.333333333333334,4.333333333333333,4.5,4.666666666666667,5.740666666666667,5.5148,53.5381686152146,High,2
387,EdTech,3,20,1,5,10,7,2,7,6,3,4,4,1068,0,0,437,10,5,6.333333333333333,7.333333333333333,2.0,3.6666666666666665,0.7120000000000001,4.009066666666667,12.718667319352639,Low,2
388,E-Commerce,7,3,9,9,4,10,4,7,10,4,3,7,3307,4,0,241,5,4,5.333333333333333,7.666666666666667,8.0,4.666666666666667,2.8713333333333337,5.7076,36.430388338143395,Low,2
389,FinTech,7,15,3,2,6,1,2,7,2,6,1,3,702,17,7,241,2,1,3.6666666666666665,3.0,5.0,3.3333333333333335,5.634666666666667,4.126933333333334,39.269872636140576,Medium,1
390,FinTech,4,5,1,8,5,6,1,7,7,7,9,3,4708,15,6,251,6,10,4.666666666666667,6.333333333333333,2.5,6.333333333333333,7.6386666666666665,5.4944,37.98196904947099,Medium,3
391,EdTech,3,17,7,5,7,7,3,10,3,5,10,7,104,9,7,199,8,8,7.0,6.333333333333333,5.0,7.333333333333333,3.9026666666666667,5.913866666666666,58.67266497088439,High,3
392,EdTech,1,15,10,2,10,9,3,10,9,0,6,4,1497,3,3,399,5,6,6.0,7.0,5.5,3.3333333333333335,2.4979999999999998,4.866266666666666,27.367613361643073,Low,3
393,AI,10,16,5,10,7,8,7,8,5,6,6,5,3833,0,5,238,1,3,5.333333333333333,8.333333333333334,7.5,5.666666666666667,4.222,6.211066666666667,57.55879429280173,High,2
394,AI,2,4,5,6,4,6,1,9,8,2,9,10,395,7,2,75,8,3,6.0,5.333333333333333,3.5,7.0,2.0966666666666667,4.786,34.189883567629565,Low,1
395,EdTech,2,9,1,10,5,3,9,9,6,5,1,4,3517,4,10,469,9,6,9.0,6.0,1.5,3.3333333333333335,6.344666666666666,5.2356,40.830763132051764,Medium,2
396,AgriTech,3,17,9,8,3,8,6,2,10,7,6,0,2653,1,7,387,1,7,3.0,6.333333333333333,6.0,4.333333333333333,4.268666666666667,4.787066666666666,22.731190481195732,Low,3
397,AI,3,11,7,4,4,7,4,7,8,6,5,6,3291,16,3,397,8,8,6.333333333333333,5.0,5.0,5.666666666666667,5.860666666666667,5.572133333333333,34.49665598544068,Low,3
398,SaaS,9,5,8,2,4,3,3,7,3,9,6,5,2010,6,2,288,10,5,6.666666666666667,3.0,8.5,6.666666666666667,3.0066666666666664,5.5680000000000005,48.949646078027996,Medium,1
399,AI,10,19,9,5,3,9,3,4,3,5,8,1,3881,16,3,278,2,10,3.0,5.666666666666667,9.5,4.666666666666667,6.2540000000000004,5.817466666666667,56.265034551313406,High,3
400,FinTech,10,3,6,2,10,2,2,9,5,8,5,10,4946,5,5,218,4,6,5.0,4.666666666666667,8.0,7.666666666666667,5.7973333333333334,6.226133333333334,55.16062381563022,High,3
401,AI,4,18,5,2,5,3,2,8,10,8,2,6,1988,14,10,424,2,1,4.0,3.3333333333333335,4.5,5.333333333333333,6.992,4.831733333333334,15.70080154242108,Low,1
402,AgriTech,3,14,6,6,5,2,10,1,3,0,2,5,4537,4,6,25,2,6,4.333333333333333,4.333333333333333,4.5,2.3333333333333335,5.691333333333333,4.238266666666666,62.289816597243686,High,0
403,EdTech,10,5,2,10,7,1,5,2,8,0,10,4,1668,14,6,306,10,9,5.666666666666667,6.0,6.0,4.666666666666667,5.445333333333333,5.555733333333334,35.71909076439337,Low,2
404,FinTech,9,12,4,9,4,4,9,2,10,0,5,7,4968,17,3,483,3,10,4.666666666666667,5.666666666666667,6.5,4.0,7.145333333333333,5.5957333333333334,34.27757573209442,Low,2
405,AI,7,8,3,4,4,5,2,8,8,7,3,4,4762,17,7,229,8,4,6.0,4.333333333333333,5.0,4.666666666666667,8.341333333333333,5.668266666666666,39.754882381382814,Medium,3
406,AgriTech,5,13,7,6,9,6,2,1,2,9,10,10,1051,20,6,266,4,10,2.3333333333333335,7.0,6.0,9.666666666666666,6.034,6.206799999999999,47.02807650841033,Medium,3
407,SaaS,5,11,9,7,6,5,6,4,4,6,3,1,2841,20,1,376,7,1,5.666666666666667,6.0,7.0,3.3333333333333335,5.560666666666667,5.512133333333333,39.08022331470375,Medium,2
408,AI,7,8,5,6,4,1,10,10,10,2,8,5,4723,5,7,277,10,9,10.0,3.6666666666666665,6.0,5.0,6.315333333333332,6.196399999999999,60.76766681782553,High,2
409,AgriTech,6,14,6,8,2,3,2,5,1,1,7,0,3584,1,8,238,3,4,3.3333333333333335,4.333333333333333,6.0,2.6666666666666665,5.222666666666666,4.3111999999999995,43.539009498983425,Medium,1
410,SaaS,9,8,10,4,6,1,4,9,4,3,1,4,347,16,4,128,10,2,7.666666666666667,3.6666666666666665,9.5,2.6666666666666665,4.231333333333333,5.546266666666667,60.9541628251292,High,1
411,EdTech,10,18,2,1,2,5,6,7,4,2,5,5,1263,20,3,449,3,1,5.333333333333333,2.6666666666666665,6.0,4.0,5.175333333333334,4.635066666666667,34.9510335362466,Low,1
412,AI,9,11,3,7,5,5,5,8,10,6,9,6,4665,3,3,187,2,3,5.0,5.666666666666667,6.0,7.0,4.61,5.655333333333333,40.68946462732331,Medium,2
413,SaaS,7,11,3,3,6,6,1,9,9,9,4,1,2742,11,3,29,6,7,5.333333333333333,5.0,5.0,4.666666666666667,4.661333333333333,4.932266666666666,44.948841232134974,Medium,3
414,FinTech,1,5,9,6,4,8,6,7,3,7,1,0,2073,18,5,459,6,10,6.333333333333333,6.0,5.0,2.6666666666666665,6.048666666666667,5.209733333333333,48.011760360138496,Medium,3
415,EdTech,8,5,7,2,3,10,1,5,2,5,8,5,3148,1,10,45,1,2,2.3333333333333335,5.0,7.5,6.0,5.5986666666666665,5.2864,53.90170068742246,High,0
416,FinTech,0,8,8,9,7,1,3,5,9,2,5,2,1351,1,3,344,7,9,5.0,5.666666666666667,4.0,3.0,2.0673333333333335,3.9468000000000005,19.2714042458624,Low,2
417,CleanTech,7,2,10,1,2,4,10,10,9,5,2,4,2821,13,6,431,4,2,8.0,2.3333333333333335,8.5,3.6666666666666665,6.0473333333333334,5.709466666666668,48.74137718742399,Medium,0
418,HealthTech,10,13,9,6,6,10,5,6,1,1,1,10,3827,14,6,415,3,5,4.666666666666667,7.333333333333333,9.5,4.0,6.884666666666667,6.476933333333333,58.24606661601342,High,0
419,AI,3,14,6,6,4,1,10,5,6,6,3,1,669,19,4,117,8,8,7.666666666666667,3.6666666666666665,4.5,3.3333333333333335,4.946000000000001,4.822533333333334,60.496331644558424,High,2
420,SaaS,3,11,4,5,6,9,5,9,10,10,9,0,4813,1,4,198,2,10,5.333333333333333,6.666666666666667,3.5,6.333333333333333,4.708666666666667,5.3084,44.35842070015586,Medium,3
421,HealthTech,4,16,1,5,4,7,10,3,8,9,1,0,2646,3,9,187,9,8,7.333333333333333,5.333333333333333,2.5,3.3333333333333335,5.264,4.7528,45.41538156602588,Medium,2
422,HealthTech,7,14,8,1,4,7,6,3,3,6,4,10,266,18,7,105,8,3,5.666666666666667,4.0,7.5,6.666666666666667,5.510666666666666,5.8688,59.148815404990614,High,0
423,SaaS,4,10,7,10,4,5,10,7,9,3,8,3,1438,8,6,324,8,2,8.333333333333334,6.333333333333333,5.5,4.666666666666667,4.292,5.825066666666667,43.04453981134172,Medium,2
424,EdTech,7,10,2,5,9,7,8,7,2,7,8,9,2693,6,6,29,3,9,6.0,7.0,4.5,8.0,4.795333333333333,6.059066666666666,78.46902094100898,High,0
425,AI,9,16,8,2,7,2,5,6,6,3,10,1,1022,12,5,173,4,3,5.0,3.6666666666666665,8.5,4.666666666666667,4.348,5.236266666666666,49.621001672758055,Medium,0
426,CleanTech,0,11,5,7,3,4,1,3,1,6,8,0,2037,11,6,391,2,8,2.0,4.666666666666667,2.5,4.666666666666667,5.191333333333334,3.8049333333333335,26.139322427871686,Low,1
427,FinTech,9,11,7,3,3,7,5,7,7,3,10,5,564,2,6,106,2,2,4.666666666666667,4.333333333333333,8.0,6.0,2.7093333333333334,5.141866666666667,48.69542889576944,Medium,0
428,AgriTech,8,9,4,4,6,3,3,5,3,4,8,3,1059,12,9,152,4,3,4.0,4.333333333333333,6.0,5.0,5.706,5.007866666666667,47.90109404984637,Medium,1
429,FinTech,5,17,5,3,6,2,4,7,7,6,4,9,1424,14,1,71,6,1,5.666666666666667,3.6666666666666665,5.0,6.333333333333333,3.6159999999999997,4.856533333333333,42.27693305664252,Medium,1
430,AgriTech,2,18,8,3,4,10,8,2,4,9,8,6,4123,13,9,251,5,6,5.0,5.666666666666667,5.0,7.666666666666667,7.915333333333334,6.249733333333333,54.641227930555004,High,0
431,FinTech,7,6,1,4,9,2,7,6,9,2,9,10,219,8,1,247,1,7,4.666666666666667,5.0,4.0,7.0,1.8126666666666666,4.495866666666666,34.748020169197815,Low,1
432,SaaS,8,5,1,5,4,1,5,8,5,9,7,5,405,12,9,140,10,4,7.666666666666667,3.3333333333333335,4.5,7.0,5.2700000000000005,5.554,53.59102416639887,High,2
433,CleanTech,5,19,4,1,9,5,2,1,3,4,2,4,1637,3,6,102,1,1,1.3333333333333333,5.0,4.5,3.3333333333333335,3.5913333333333335,3.5515999999999996,29.619229810530857,Low,1
434,AI,10,20,3,4,4,6,6,4,8,10,9,9,2318,20,9,100,6,3,5.333333333333333,4.666666666666667,6.5,9.333333333333334,7.878666666666667,6.742400000000001,53.786829958286155,High,0
435,AgriTech,6,5,10,8,2,6,6,1,6,2,8,1,1759,7,6,142,3,9,3.3333333333333335,5.333333333333333,8.0,3.6666666666666665,4.339333333333333,4.9345333333333325,50.05585870750158,Medium,1
436,AI,0,8,2,10,2,9,10,1,2,4,5,4,1674,2,6,132,3,5,4.666666666666667,7.0,1.0,4.333333333333333,3.449333333333333,4.0898666666666665,48.452173234069,Medium,2
437,AI,4,11,3,7,5,4,10,10,3,2,3,8,791,1,4,449,7,6,9.0,5.333333333333333,3.5,4.333333333333333,2.0273333333333334,4.8388,49.83152293060007,Medium,2
438,AI,4,19,1,9,4,1,6,8,8,10,7,8,3582,18,0,424,1,4,5.0,4.666666666666667,2.5,8.333333333333334,5.388000000000001,5.1776,28.577134568431422,Low,1
439,E-Commerce,9,20,1,5,7,6,9,7,10,9,2,1,1309,7,1,351,1,1,5.666666666666667,6.0,5.0,4.0,2.372666666666667,4.607866666666667,28.774742254109054,Low,2
440,EdTech,3,5,6,10,5,5,8,10,7,10,3,6,3833,16,8,428,10,5,9.333333333333334,6.666666666666667,4.5,6.333333333333333,7.8886666666666665,6.9444,51.777718382019486,High,3
441,FinTech,5,11,5,4,6,10,8,1,10,6,9,9,4929,12,7,127,3,5,4.0,6.666666666666667,5.0,8.0,7.6193333333333335,6.2572,44.98578005483763,Medium,0
442,AI,6,2,8,8,10,6,1,2,6,0,4,3,4412,6,7,464,8,5,3.6666666666666665,8.0,7.0,2.3333333333333335,6.274666666666666,5.454933333333332,20.095470339326628,Low,3
443,FinTech,8,19,2,9,4,3,5,4,1,8,4,2,1330,8,9,207,1,6,3.3333333333333335,5.333333333333333,5.0,4.666666666666667,5.22,4.710666666666667,52.26212749599828,High,1
444,AI,0,6,4,7,2,2,7,1,9,8,3,10,4446,11,0,291,10,2,6.0,3.6666666666666665,2.0,7.0,4.7973333333333334,4.6928,18.84120210341068,Low,2
445,AgriTech,5,16,8,7,10,6,6,3,3,4,5,0,510,13,5,383,4,1,4.333333333333333,7.666666666666667,6.5,3.0,4.173333333333333,5.134666666666666,35.5668307391068,Low,1
446,EdTech,6,18,6,5,9,1,5,8,5,8,3,2,2572,13,8,10,9,2,7.333333333333333,5.0,6.0,4.333333333333333,6.547999999999999,5.842933333333333,63.60820222053376,High,3
447,EdTech,2,4,1,4,10,7,8,8,7,9,9,10,3929,14,7,220,4,10,6.666666666666667,7.0,1.5,9.333333333333334,7.2860000000000005,6.357200000000001,58.011970581080696,High,0
448,SaaS,7,13,4,10,7,7,3,8,7,5,3,8,491,2,2,272,10,6,7.0,8.0,5.5,5.333333333333333,1.3273333333333335,5.432133333333333,36.23848664946859,Low,2
449,E-Commerce,4,3,1,1,4,10,6,6,3,4,2,8,1617,14,3,429,8,5,6.666666666666667,5.0,2.5,4.666666666666667,4.411333333333333,4.648933333333334,34.41902439463877,Low,2
450,SaaS,8,2,2,10,3,7,5,6,4,2,5,6,2056,18,2,341,7,5,6.0,6.666666666666667,5.0,4.333333333333333,5.037333333333334,5.407466666666666,42.36042080226317,Medium,2
451,SaaS,4,18,5,10,10,10,8,5,10,10,6,2,1520,19,5,221,3,6,5.333333333333333,10.0,4.5,6.0,5.846666666666667,6.336,45.001246309871654,Medium,2
452,SaaS,8,17,8,7,3,1,4,9,7,10,1,2,1583,13,8,96,7,10,6.666666666666667,3.6666666666666665,8.0,4.333333333333333,5.8886666666666665,5.7110666666666665,64.89775754317786,High,3
453,SaaS,9,6,8,1,9,4,8,4,8,7,6,3,1575,7,7,162,7,7,6.333333333333333,4.666666666666667,8.5,5.333333333333333,4.55,5.876666666666667,56.01006657997556,High,0
454,SaaS,3,16,3,1,5,7,10,10,2,3,10,6,3946,4,9,359,10,9,10.0,4.333333333333333,3.0,6.333333333333333,6.2973333333333334,5.9928,68.39328133868695,High,0
455,CleanTech,8,4,4,5,3,9,2,7,9,9,3,6,1761,18,3,196,3,7,4.0,5.666666666666667,6.0,6.0,5.174,5.368133333333334,38.15825432529588,Medium,1
456,EdTech,4,8,10,9,5,5,9,1,7,2,4,1,1991,3,1,70,2,2,4.0,6.333333333333333,7.0,2.3333333333333335,2.1606666666666667,4.365466666666666,44.66609406486216,Medium,2
457,SaaS,9,12,6,6,2,2,9,9,8,5,6,4,3179,13,7,294,9,6,9.0,3.3333333333333335,7.5,5.0,6.6193333333333335,6.290533333333334,60.18925891111559,High,0
458,AI,8,11,10,3,4,7,10,7,6,7,8,6,3326,15,7,104,1,9,6.0,4.666666666666667,9.0,7.0,7.050666666666667,6.743466666666667,82.19503698387001,High,0
459,EdTech,2,10,3,3,10,10,10,10,6,8,9,6,1046,19,10,283,7,7,9.0,7.666666666666667,2.5,7.666666666666667,7.197333333333333,6.806133333333333,64.32775847415633,High,0
460,EdTech,3,15,2,7,2,1,6,9,9,5,6,5,2892,5,5,50,4,2,6.333333333333333,3.3333333333333335,2.5,5.333333333333333,4.428,4.3856,43.06436064303583,Medium,2
461,HealthTech,8,14,6,6,2,7,4,7,4,4,7,9,2613,5,7,156,2,3,4.333333333333333,5.0,7.0,6.666666666666667,4.908666666666666,5.581733333333333,53.78457759104817,High,1
462,CleanTech,9,3,5,9,8,6,4,2,5,10,5,9,3892,2,8,255,2,8,2.6666666666666665,7.666666666666667,7.0,8.0,5.594666666666666,6.1856,45.95489859842692,Medium,3
463,SaaS,10,4,10,6,1,7,6,6,9,1,9,7,4144,14,0,141,8,9,6.666666666666667,4.666666666666667,10.0,5.666666666666667,5.096,6.419200000000001,61.048161617860366,High,3
464,FinTech,5,8,5,5,7,10,5,10,1,1,4,2,461,2,8,458,7,4,7.333333333333333,7.333333333333333,5.0,2.3333333333333335,3.3073333333333337,5.061466666666666,45.042990182682,Medium,2
465,AgriTech,1,19,10,10,5,3,6,4,4,8,10,0,4431,10,1,306,7,9,5.666666666666667,6.0,5.5,6.0,4.954,5.624133333333334,49.19260142409673,Medium,3
466,E-Commerce,6,4,5,7,8,3,7,3,7,1,6,2,1381,2,0,132,5,2,5.0,6.0,5.5,3.0,1.254,4.1508,35.76849268581279,Low,2
467,AI,1,11,10,1,1,7,7,2,9,1,5,10,1145,9,7,152,10,5,6.333333333333333,3.0,5.5,5.333333333333333,4.596666666666667,4.9526666666666666,38.30045377691954,Medium,0
468,FinTech,10,8,5,7,7,2,9,6,10,2,1,1,3515,17,7,191,8,2,7.666666666666667,5.333333333333333,7.5,1.3333333333333333,7.510000000000001,5.868666666666667,51.48956553337556,Medium,2
469,CleanTech,1,10,3,3,5,1,8,8,6,2,5,1,4454,0,10,201,2,1,6.0,3.0,2.0,2.6666666666666665,6.302666666666667,3.9938666666666665,42.95114164987401,Medium,0
470,AgriTech,10,18,7,9,4,9,6,6,8,3,5,1,192,15,3,465,2,5,4.666666666666667,7.333333333333333,8.5,3.0,3.628,5.4256,33.00754092551271,Low,1
471,CleanTech,0,12,6,6,7,9,6,9,9,6,9,4,3534,15,7,408,5,2,6.666666666666667,7.333333333333333,3.0,6.333333333333333,7.189333333333333,6.104533333333333,32.66758363039554,Low,3
472,AI,10,8,4,9,10,7,5,5,10,8,1,0,755,9,6,216,1,7,3.6666666666666665,8.666666666666666,7.0,3.0,4.003333333333333,5.267333333333333,38.188586204100496,Medium,2
473,EdTech,10,15,2,5,2,7,1,2,4,1,5,9,1684,0,1,443,6,8,3.0,4.666666666666667,6.0,5.0,1.4560000000000002,4.024533333333333,17.2125904325446,Low,1
474,AgriTech,10,20,9,7,1,3,9,8,1,3,7,3,2525,3,4,240,4,2,7.0,3.6666666666666665,9.5,4.333333333333333,3.516666666666667,5.603333333333333,70.36515377661921,High,0
475,EdTech,2,5,1,4,1,10,9,9,8,8,6,9,827,2,9,31,6,7,8.0,5.0,1.5,7.666666666666667,3.8846666666666665,5.2102666666666675,59.25963187309862,High,2
476,AI,5,7,4,7,1,2,9,10,2,1,6,4,889,4,3,411,7,4,8.666666666666666,3.3333333333333335,4.5,3.6666666666666665,2.2593333333333336,4.485200000000001,50.47479901376346,Medium,2
477,FinTech,7,11,1,1,5,7,8,4,1,9,7,1,4748,11,2,89,3,1,5.0,4.333333333333333,4.0,5.666666666666667,5.665333333333334,4.933066666666667,59.59643585408262,High,0
478,AI,8,8,6,7,10,9,10,6,7,10,6,4,2455,11,0,139,8,3,8.0,8.666666666666666,7.0,6.666666666666667,3.47,6.760666666666667,62.17254334305354,High,2
479,FinTech,6,14,4,8,7,1,3,10,10,0,5,9,2333,12,4,301,7,1,6.666666666666667,5.333333333333333,5.0,4.666666666666667,4.8886666666666665,5.311066666666667,28.35309910716161,Low,1
480,AgriTech,3,15,5,5,2,4,1,8,9,9,10,3,4946,11,9,285,1,5,3.3333333333333335,3.6666666666666665,4.0,7.333333333333333,8.130666666666666,5.2928,30.027959385313963,Low,3
481,AgriTech,5,5,5,2,10,6,8,9,9,7,5,7,110,15,7,409,6,8,7.666666666666667,6.0,5.0,6.333333333333333,4.906666666666666,5.981333333333334,44.264722223056424,Medium,0
482,SaaS,4,9,9,5,8,7,7,5,3,8,9,0,4715,12,8,332,7,1,6.333333333333333,6.666666666666667,6.5,5.666666666666667,7.81,6.5953333333333335,53.10000810852203,High,0
483,CleanTech,7,6,1,6,4,10,5,6,6,6,8,4,792,4,6,385,4,9,5.0,6.666666666666667,4.0,6.0,3.1946666666666665,4.972266666666667,34.64801506383209,Low,2
484,SaaS,0,2,2,2,3,7,10,4,7,7,10,10,4683,3,10,423,2,3,5.333333333333333,4.0,1.0,9.0,6.955333333333333,5.2577333333333325,31.51392113110878,Low,0
485,CleanTech,0,5,6,6,10,10,7,5,10,3,4,9,2643,20,0,64,10,5,7.333333333333333,8.666666666666666,3.0,5.333333333333333,5.0953333333333335,5.885733333333333,45.56193559430961,Medium,2
486,SaaS,10,4,5,6,8,2,10,7,9,3,4,0,3414,14,0,75,9,9,8.666666666666666,5.333333333333333,7.5,2.3333333333333335,4.609333333333333,5.688533333333333,68.22345284894422,High,2
487,EdTech,5,10,7,1,2,4,4,9,2,1,10,9,1309,11,0,236,7,5,6.666666666666667,2.3333333333333335,6.0,6.666666666666667,2.706,4.874533333333334,52.856301973373995,High,1
488,AgriTech,9,9,3,1,3,5,9,10,8,7,5,9,296,18,1,35,1,9,6.666666666666667,3.0,6.0,7.0,3.530666666666667,5.239466666666667,70.27776192778612,High,1
489,FinTech,1,2,3,10,3,1,10,6,7,10,3,3,1629,20,0,450,8,10,8.0,4.666666666666667,2.0,5.333333333333333,4.419333333333333,4.883866666666667,38.82555565899759,Medium,2
490,CleanTech,4,7,10,3,10,1,2,6,4,1,8,7,568,18,3,262,3,8,3.6666666666666665,4.666666666666667,7.0,5.333333333333333,4.378666666666667,5.0090666666666674,44.721051825468564,Medium,1
491,AI,0,10,2,10,1,10,9,8,2,8,7,0,4927,20,9,206,4,7,7.0,7.0,1.0,5.0,9.618,5.9236,69.25263451887933,High,3
492,CleanTech,6,8,3,10,6,3,9,4,8,3,5,10,4705,10,8,139,5,1,6.0,6.333333333333333,4.5,6.0,7.47,6.060666666666666,49.95345107708198,Medium,2
493,FinTech,0,5,10,3,2,10,5,3,5,0,10,1,4111,20,3,252,1,4,3.0,5.0,5.0,3.6666666666666665,7.074000000000001,4.7481333333333335,38.99163020334371,Medium,0
494,SaaS,3,14,1,4,1,3,1,7,6,3,3,0,71,5,3,321,6,9,4.666666666666667,2.6666666666666665,2.0,2.0,1.8806666666666665,2.6428000000000003,18.203031385986666,Low,1
495,CleanTech,8,18,5,2,2,8,7,5,7,2,5,10,4365,8,6,221,10,10,7.333333333333333,4.0,6.5,5.666666666666667,6.243333333333333,5.948666666666666,56.52736025562864,High,0
496,E-Commerce,0,3,5,9,6,9,10,2,10,5,3,6,4382,0,10,199,6,8,6.0,8.0,2.5,4.666666666666667,6.254666666666666,5.484266666666667,42.13263139559676,Medium,2
497,EdTech,3,6,7,10,4,1,10,2,1,6,10,1,65,11,8,299,2,4,4.666666666666667,5.0,5.0,5.666666666666667,4.543333333333333,4.975333333333333,52.84473982155246,High,0
498,AgriTech,5,13,4,7,6,2,4,6,8,7,5,0,879,13,6,235,10,1,6.666666666666667,5.0,4.5,4.0,4.752666666666666,4.983866666666667,29.966244522993655,Low,2
499,FinTech,5,9,3,7,9,10,9,8,4,1,1,5,67,5,0,255,6,10,7.666666666666667,8.666666666666666,4.0,2.3333333333333335,0.878,4.7089333333333325,56.48846938131975,High,2
500,AgriTech,7,7,1,6,10,2,6,1,9,5,6,5,1216,0,0,65,8,4,5.0,6.0,4.0,5.333333333333333,0.8106666666666666,4.2288,28.8882615629026,Low,2
501,E-Commerce,0,9,8,3,10,4,3,6,1,5,10,9,3027,1,3,64,6,3,5.0,5.666666666666667,4.0,8.0,3.1846666666666668,5.1702666666666675,53.38095338200448,High,1
502,CleanTech,6,19,3,6,8,2,6,2,2,9,4,1,3239,10,3,285,4,6,4.0,5.333333333333333,4.5,4.666666666666667,4.826,4.6652000000000005,43.04949501926523,Medium,2
503,CleanTech,0,4,2,8,1,7,10,2,6,4,4,0,3480,2,0,315,4,5,5.333333333333333,5.333333333333333,1.0,2.6666666666666665,2.6533333333333333,3.397333333333333,27.591198349465284,Low,2
504,AI,6,13,4,8,8,9,6,7,10,9,8,9,507,9,5,418,9,5,7.333333333333333,8.333333333333334,5.0,8.666666666666666,3.5046666666666666,6.5676000000000005,30.645558481964542,Low,2
505,E-Commerce,2,4,3,9,9,7,5,10,1,9,2,2,3714,5,9,349,6,2,7.0,8.333333333333334,2.5,4.333333333333333,6.309333333333334,5.695200000000001,50.227038617587084,Medium,3
506,FinTech,10,7,1,1,6,6,2,1,4,6,4,9,2884,5,1,162,8,3,3.6666666666666665,4.333333333333333,5.5,6.333333333333333,3.0893333333333337,4.584533333333333,30.854428003832023,Low,1
507,AI,7,3,3,1,10,10,10,6,8,2,2,4,1125,19,10,62,8,6,8.0,7.0,5.0,2.6666666666666665,7.25,5.983333333333333,65.8866969184613,High,0
508,EdTech,2,13,2,3,5,1,10,7,10,3,1,5,885,20,4,407,7,2,8.0,3.0,2.0,3.0,5.256666666666667,4.251333333333333,25.97550025076355,Low,2
509,AI,0,3,8,3,6,10,2,8,5,9,10,2,2841,1,7,453,3,4,4.333333333333333,6.333333333333333,4.0,7.0,4.394,5.212133333333332,26.222960331308197,Low,3
510,HealthTech,7,7,6,10,6,9,7,7,9,8,3,8,3877,9,2,120,10,2,8.0,8.333333333333334,6.5,6.333333333333333,4.751333333333333,6.7836,53.219533729950165,High,2
511,FinTech,2,18,9,8,9,5,2,6,6,3,8,10,4870,5,8,436,1,9,3.0,7.333333333333333,5.5,7.0,6.746666666666667,5.9159999999999995,34.74171354093152,Low,3
512,HealthTech,1,4,8,10,4,5,6,9,1,2,6,4,2525,16,6,500,5,3,6.666666666666667,6.333333333333333,4.5,4.0,6.3500000000000005,5.57,46.41498214623569,Medium,3
513,E-Commerce,0,3,10,1,2,6,5,3,6,1,7,1,925,13,8,455,10,10,6.0,3.0,5.0,3.0,5.45,4.49,29.364562154824714,Low,3
514,SaaS,2,9,3,2,9,9,4,6,6,4,2,9,4215,4,0,496,10,10,6.666666666666667,6.666666666666667,2.5,5.0,3.4766666666666666,4.862,24.682641456170433,Low,2
515,HealthTech,1,13,5,2,2,8,7,4,6,3,6,5,1938,16,4,213,2,6,4.333333333333333,4.0,3.0,4.666666666666667,5.292,4.2584,40.3416991257812,Medium,0
516,EdTech,1,5,7,3,10,8,8,2,8,7,8,7,3814,1,2,121,10,1,6.666666666666667,7.0,4.0,7.333333333333333,3.376,5.6752,38.57854605190054,Medium,2
517,AI,5,6,5,6,9,8,4,1,6,6,8,10,3362,8,3,334,2,10,2.3333333333333335,7.666666666666667,5.0,8.0,4.574666666666666,5.5149333333333335,33.0240582852578,Low,1
518,SaaS,0,14,8,1,2,1,1,1,5,5,4,5,4583,11,3,456,7,3,3.0,1.3333333333333333,4.0,4.666666666666667,5.8886666666666665,3.777733333333333,7.687629698813447,Low,1
519,AI,1,16,5,2,8,1,1,10,2,10,6,3,3232,18,10,267,3,8,4.666666666666667,3.6666666666666665,3.0,6.333333333333333,8.488,5.230933333333334,52.06932486042829,High,3
520,HealthTech,5,17,1,1,9,8,1,3,4,1,5,5,3744,6,6,447,8,5,4.0,6.0,3.0,3.6666666666666665,5.4959999999999996,4.432533333333334,16.158482565175998,Low,1
521,AI,2,11,5,5,10,5,1,4,10,2,9,7,3465,8,9,25,9,8,4.666666666666667,6.666666666666667,3.5,6.0,6.6433333333333335,5.495333333333334,37.20204935387091,Low,3
522,E-Commerce,3,17,4,7,9,9,5,2,5,9,8,7,440,20,10,448,8,2,5.0,8.333333333333334,3.5,8.0,6.960000000000001,6.358666666666667,26.792358769066276,Low,3
523,SaaS,0,13,6,8,10,2,4,1,10,8,2,9,3611,15,7,359,6,7,3.6666666666666665,6.666666666666667,3.0,6.333333333333333,7.240666666666667,5.381466666666666,18.401239702927768,Low,3
524,E-Commerce,7,18,3,10,9,9,9,4,4,8,7,1,461,19,10,436,5,9,6.0,9.333333333333334,5.0,5.333333333333333,6.807333333333333,6.494800000000001,52.8136571536685,High,2
525,HealthTech,6,17,5,1,2,8,3,7,2,4,7,7,611,10,9,454,3,7,4.333333333333333,3.6666666666666665,5.5,6.0,5.074,4.9148,39.16055774619123,Medium,1
526,E-Commerce,6,13,2,7,4,9,7,10,7,2,1,5,3471,11,4,175,3,3,6.666666666666667,6.666666666666667,4.0,2.6666666666666665,5.480666666666667,5.096133333333334,51.71825588693716,Medium,2
527,EdTech,2,9,6,5,7,4,8,6,10,1,1,1,3163,14,9,310,7,7,7.0,5.333333333333333,4.0,1.0,7.442,4.955066666666666,39.091635308709456,Medium,2
528,HealthTech,9,4,6,10,2,1,6,6,10,7,4,0,5,17,6,391,5,8,5.666666666666667,4.333333333333333,7.5,3.6666666666666665,4.836666666666667,5.200666666666667,34.96019316301432,Low,2
529,HealthTech,9,17,5,1,1,1,10,9,2,5,5,5,4776,18,2,444,6,1,8.333333333333334,1.0,7.0,5.0,6.850666666666666,5.6368,59.08574912232755,High,0
530,HealthTech,2,14,6,3,3,5,1,2,1,9,4,6,3970,15,2,435,6,3,3.0,3.6666666666666665,4.0,6.333333333333333,5.8133333333333335,4.562666666666667,22.135964899108952,Low,1
531,FinTech,1,20,7,7,4,2,8,4,5,10,7,9,2858,14,2,289,9,5,7.0,4.333333333333333,4.0,8.666666666666666,4.905333333333334,5.781066666666667,45.83897676457957,Medium,2
532,AI,0,9,5,10,8,8,10,5,1,6,3,4,2606,4,3,380,1,6,5.333333333333333,8.666666666666666,2.5,4.333333333333333,3.404,4.847466666666667,49.665598544069816,Medium,2
533,FinTech,6,6,1,1,6,10,3,1,1,0,7,9,98,10,5,167,8,3,4.0,5.666666666666667,3.5,5.333333333333333,3.3986666666666667,4.379733333333333,35.86023911130597,Low,1
534,FinTech,6,9,8,7,2,5,8,8,1,0,8,7,525,14,4,430,10,4,8.666666666666666,4.666666666666667,7.0,5.0,4.016666666666667,5.869999999999999,56.907259529765774,High,0
535,EdTech,1,13,4,5,9,5,4,8,6,9,6,10,1180,17,7,258,5,5,5.666666666666667,6.333333333333333,2.5,8.333333333333334,5.953333333333333,5.757333333333333,41.645969914380004,Medium,3
536,SaaS,6,2,9,1,2,2,8,6,9,1,6,8,1689,12,4,388,6,3,6.666666666666667,1.6666666666666667,7.5,5.0,4.459333333333333,5.058533333333334,35.35015301081435,Low,0
537,AI,7,7,10,1,5,7,1,5,10,9,8,3,1138,3,10,190,6,4,4.0,4.333333333333333,8.5,6.666666666666667,4.592,5.618399999999999,31.64756158722816,Low,3
538,E-Commerce,0,19,6,1,4,8,3,8,1,2,8,6,4491,16,4,200,1,5,4.0,4.333333333333333,3.0,5.333333333333333,6.994,4.732133333333333,52.474300489814794,High,0
539,CleanTech,8,9,1,9,7,10,6,3,5,0,7,7,4865,3,9,496,3,2,4.0,8.666666666666666,4.5,4.666666666666667,6.743333333333333,5.715333333333333,27.302895343005495,Low,0
540,HealthTech,6,8,3,3,8,1,9,3,9,4,6,5,3071,15,1,148,6,10,6.0,4.0,4.5,5.0,4.8806666666666665,4.876133333333334,48.72260746044091,Medium,2
541,E-Commerce,2,2,3,5,5,2,2,2,9,2,6,1,2927,14,10,87,9,9,4.333333333333333,4.0,2.5,3.0,7.617999999999999,4.290266666666666,31.300246559133647,Low,3
542,HealthTech,7,17,10,10,10,10,1,5,1,0,10,6,2792,13,10,416,6,10,4.0,10.0,8.5,5.333333333333333,7.3613333333333335,7.038933333333333,53.86821549448469,High,3
543,EdTech,6,13,4,9,5,4,10,3,8,7,6,8,4778,11,4,382,6,8,6.333333333333333,6.0,5.0,7.0,6.351999999999999,6.137066666666667,44.56038296249357,Medium,2
544,HealthTech,10,7,6,6,2,5,3,3,1,10,8,4,14,2,6,345,1,6,2.3333333333333335,4.333333333333333,8.0,7.333333333333333,2.3426666666666667,4.868533333333334,40.6582318016235,Medium,1
545,FinTech,7,3,7,9,8,2,4,6,8,5,1,1,2415,9,1,59,9,10,6.333333333333333,6.333333333333333,7.0,2.3333333333333335,3.4433333333333334,5.088666666666666,53.11502389010849,High,2
546,AI,5,15,10,8,2,1,5,8,1,8,5,3,2685,7,5,94,4,3,5.666666666666667,3.6666666666666665,7.5,5.333333333333333,4.623333333333334,5.3580000000000005,67.74189673346686,High,3
547,CleanTech,8,5,4,8,10,9,3,2,5,2,3,2,2900,5,6,192,2,2,2.3333333333333335,9.0,6.0,2.3333333333333335,4.766666666666667,4.886666666666667,33.4826402549079,Low,2
548,AgriTech,4,2,6,1,6,1,10,4,8,8,8,3,1236,13,4,192,1,7,5.0,2.6666666666666665,5.0,6.333333333333333,4.324,4.6648,48.56419096470391,Medium,0
549,HealthTech,2,19,1,9,8,4,2,7,6,8,6,9,4100,16,8,13,3,8,4.0,7.0,1.5,7.666666666666667,8.066666666666666,5.6466666666666665,52.94309319094367,High,3
550,E-Commerce,2,14,8,6,6,2,2,1,9,0,2,6,3220,20,3,490,3,10,2.0,4.666666666666667,5.0,2.6666666666666665,6.48,4.1626666666666665,10.555043350561434,Low,1
551,FinTech,0,3,7,9,4,4,7,1,1,2,7,9,1607,18,9,447,5,1,4.333333333333333,5.666666666666667,3.5,6.0,7.071333333333333,5.314266666666667,34.144235591606765,Low,0
552,AgriTech,7,10,9,3,4,8,9,10,9,5,7,7,3563,15,0,326,1,6,6.666666666666667,5.0,8.0,6.333333333333333,4.875333333333334,6.175066666666667,56.31473678836456,High,0
553,CleanTech,1,3,3,3,6,8,10,7,1,7,5,0,3297,14,7,120,7,7,8.0,5.666666666666667,2.0,4.0,6.864666666666667,5.306266666666668,73.4135075964839,High,0
554,AgriTech,2,10,2,6,4,9,2,7,10,3,8,7,2633,14,7,343,1,9,3.3333333333333335,6.333333333333333,2.0,6.0,6.422,4.817733333333333,22.669625776691298,Low,3
555,FinTech,7,2,1,9,8,5,7,1,10,4,5,4,3890,0,6,348,4,3,4.0,7.333333333333333,4.0,4.333333333333333,4.593333333333334,4.851999999999999,18.192069865428557,Low,2
556,AI,7,12,3,7,9,7,7,1,3,8,1,6,4264,11,7,260,6,2,4.666666666666667,7.666666666666667,5.0,5.0,7.009333333333333,5.868533333333334,45.6322094521342,Medium,2
557,AI,10,4,5,3,1,3,7,4,1,5,9,10,2808,9,1,142,1,5,4.0,2.3333333333333335,7.5,8.0,3.7053333333333334,5.107733333333334,63.15968082454659,High,1
558,SaaS,3,5,2,3,4,10,3,5,3,6,4,10,791,13,2,109,7,10,5.0,5.666666666666667,2.5,6.666666666666667,3.360666666666667,4.638800000000001,48.405023679887556,Medium,1
559,AI,3,19,3,2,4,4,7,5,2,6,2,0,999,9,8,488,10,1,7.333333333333333,3.3333333333333335,3.0,2.6666666666666665,4.832666666666667,4.2332,29.322067492935055,Low,2
560,SaaS,4,7,4,9,2,10,1,4,2,3,4,1,151,9,0,411,7,6,4.0,7.0,4.0,2.6666666666666665,1.6006666666666665,3.853466666666667,20.85181525783598,Low,1
561,AgriTech,5,4,7,3,6,9,10,8,9,3,9,0,3063,19,7,181,3,9,7.0,6.0,6.0,4.0,7.542000000000001,6.1084000000000005,66.13130400050453,High,0
562,EdTech,4,12,3,5,3,10,1,7,8,3,2,4,4599,10,7,296,4,10,4.0,6.0,3.5,3.0,7.066,4.7132,31.60071234867845,Low,3
563,E-Commerce,6,16,9,9,7,10,5,9,1,10,4,5,2091,15,6,128,6,9,6.666666666666667,8.666666666666666,7.5,6.333333333333333,5.894000000000001,7.012133333333333,81.29333929960389,High,3
564,E-Commerce,1,6,8,8,5,1,2,7,4,4,2,9,4599,8,10,359,7,7,5.333333333333333,4.666666666666667,4.5,5.0,7.732666666666667,5.446533333333333,40.854187751326634,Medium,3
565,AgriTech,6,11,4,2,4,2,9,10,1,4,5,8,4082,14,4,414,4,7,7.666666666666667,2.6666666666666665,5.0,5.666666666666667,6.388000000000001,5.477600000000001,64.78393791875259,High,0
566,HealthTech,9,13,1,3,5,5,7,1,1,7,3,7,4026,13,3,184,10,8,6.0,4.333333333333333,5.0,5.666666666666667,5.850666666666666,5.370133333333333,58.18480222714072,High,2
567,HealthTech,6,16,1,2,8,3,4,7,4,8,10,6,2977,18,9,39,9,10,6.666666666666667,4.333333333333333,3.5,8.0,7.984666666666667,6.096933333333333,67.54834330881756,High,3
568,AI,0,18,1,8,3,2,4,1,2,1,2,4,842,8,9,64,9,2,4.666666666666667,4.333333333333333,0.5,2.3333333333333335,4.894666666666667,3.3456,33.656973479126556,Low,2
569,E-Commerce,6,11,1,6,7,1,2,7,3,10,9,2,4446,3,9,370,9,6,6.0,4.666666666666667,3.5,7.0,6.4639999999999995,5.526133333333333,38.51187598165673,Medium,3
570,E-Commerce,4,7,8,6,6,10,5,10,9,6,5,8,3793,20,9,205,10,5,8.333333333333334,7.333333333333333,6.0,6.333333333333333,8.862,7.372400000000001,58.14891450914912,High,3
571,SaaS,2,19,3,9,1,3,4,8,2,0,10,4,2070,6,5,462,6,5,6.0,4.333333333333333,2.5,4.666666666666667,4.046666666666667,4.309333333333333,32.12896754488966,Low,1
572,EdTech,2,14,6,8,7,1,1,9,4,0,5,2,1659,7,10,50,2,3,4.0,5.333333333333333,4.0,2.3333333333333335,5.605999999999999,4.254533333333333,47.60828630891065,Medium,1
573,FinTech,3,4,3,4,7,1,8,3,1,3,1,2,597,7,0,182,2,3,4.333333333333333,4.0,3.0,2.0,1.5646666666666667,2.9796,42.015508299222475,Medium,1
574,HealthTech,1,11,5,4,1,1,3,4,2,9,6,2,2513,18,4,339,4,6,3.6666666666666665,2.0,3.0,5.666666666666667,6.008666666666667,4.0684,33.41191592363574,Low,1
575,E-Commerce,1,15,7,9,9,8,6,4,5,6,7,5,4135,14,3,228,9,10,6.333333333333333,8.666666666666666,4.0,6.0,6.09,6.218,53.210374103182446,High,3
576,SaaS,0,7,2,1,6,3,4,9,10,1,1,0,4270,15,3,217,3,10,5.333333333333333,3.3333333333333335,1.0,0.6666666666666666,6.346666666666667,3.336,31.99382551061165,Low,2
577,CleanTech,4,4,6,2,2,1,9,7,1,10,9,10,3603,8,6,167,6,7,7.333333333333333,1.6666666666666667,5.0,9.666666666666666,5.735333333333333,5.8804,74.25033710429662,High,0
578,SaaS,3,17,6,2,5,7,7,3,7,1,8,3,1216,11,8,342,2,1,4.0,4.666666666666667,4.5,4.0,5.310666666666667,4.495466666666667,26.861131048732208,Low,0
579,HealthTech,10,8,3,6,4,10,9,10,4,0,8,7,2291,15,7,237,1,3,6.666666666666667,6.666666666666667,6.5,5.0,6.360666666666667,6.2388,68.56371045969311,High,0
580,HealthTech,9,15,6,4,7,3,10,5,6,9,7,2,4931,3,10,94,5,1,6.666666666666667,4.666666666666667,7.5,6.0,7.120666666666668,6.3908000000000005,66.72352642627399,High,0
581,SaaS,1,10,10,10,8,8,3,7,8,1,5,4,3811,4,7,182,8,10,6.0,8.666666666666666,5.5,3.3333333333333335,5.540666666666667,5.808133333333332,47.884726847917136,Medium,3
582,FinTech,2,16,10,3,1,4,1,8,6,6,3,1,4993,7,4,254,10,3,6.333333333333333,2.6666666666666665,6.0,3.3333333333333335,5.828666666666667,4.8324,35.5088698221831,Low,3
583,AgriTech,6,4,5,3,5,4,5,1,2,8,9,1,931,0,5,369,10,5,5.333333333333333,4.0,5.5,6.0,2.287333333333333,4.624133333333333,31.94322232666532,Low,1
584,HealthTech,6,3,2,3,3,5,3,2,1,5,7,10,2138,5,1,182,2,9,2.3333333333333335,3.6666666666666665,4.0,7.333333333333333,2.592,3.985066666666666,42.06476006282601,Medium,1
585,SaaS,3,3,9,6,1,6,6,7,8,9,10,6,4002,14,10,344,10,3,7.666666666666667,4.333333333333333,6.0,8.333333333333334,8.334666666666665,6.9336,45.43009703198061,Medium,3
586,E-Commerce,4,4,8,8,3,7,8,2,8,1,10,9,2978,3,2,221,9,10,6.333333333333333,6.0,6.0,6.666666666666667,3.1519999999999997,5.6304,46.058207175741686,Medium,2
587,SaaS,4,19,3,7,6,4,4,7,9,9,8,2,3892,20,4,93,8,10,6.333333333333333,5.666666666666667,3.5,6.333333333333333,7.261333333333333,5.818933333333333,51.491968058429414,Medium,3
588,EdTech,5,15,8,4,7,8,5,9,6,9,6,4,4595,10,1,182,3,9,5.666666666666667,6.333333333333333,6.5,6.333333333333333,5.0633333333333335,5.979333333333333,60.87668139214313,High,3
589,AgriTech,8,19,9,4,8,6,5,2,1,8,5,2,2918,4,2,192,1,1,2.6666666666666665,6.0,8.5,5.0,3.2786666666666666,5.089066666666666,49.101906103314576,Medium,1
590,CleanTech,1,11,3,10,4,1,4,7,9,6,8,5,2564,17,3,452,4,6,5.0,5.0,2.0,6.333333333333333,5.542666666666666,4.7752,18.776484084773102,Low,1
591,FinTech,4,3,3,2,3,1,4,4,3,10,3,9,1763,14,5,142,8,9,5.333333333333333,2.0,3.5,7.333333333333333,5.175333333333334,4.6684,49.816657306829484,Medium,1
592,AI,2,2,2,1,5,9,4,2,6,0,7,2,2170,17,4,389,3,5,3.0,5.0,2.0,3.0,5.613333333333333,3.7226666666666666,16.032049684218105,Low,1
593,CleanTech,3,5,8,9,9,10,4,7,10,8,2,7,335,19,9,297,10,10,7.0,9.333333333333334,5.5,5.666666666666667,6.390000000000001,6.7780000000000005,43.39005294564587,Medium,3
594,AgriTech,9,15,10,2,6,6,4,5,10,1,3,1,1176,12,3,271,2,2,3.6666666666666665,4.666666666666667,9.5,1.6666666666666667,3.7840000000000003,4.6568000000000005,29.121756966571866,Low,1
595,AgriTech,5,2,1,8,9,10,5,1,9,3,2,2,3021,4,1,359,7,5,4.333333333333333,9.0,3.0,2.3333333333333335,3.014,4.336133333333333,12.361892348858646,Low,2
596,AgriTech,7,15,8,9,6,8,2,5,3,8,5,7,778,0,10,291,4,1,3.6666666666666665,7.666666666666667,7.5,6.666666666666667,3.8520000000000003,5.870400000000001,38.92946486757582,Medium,3
597,CleanTech,0,17,7,4,2,7,2,3,5,3,7,7,1185,17,4,302,6,9,3.6666666666666665,4.333333333333333,3.5,5.666666666666667,4.956666666666667,4.424666666666667,29.038719694398807,Low,1
598,E-Commerce,9,15,7,8,5,6,9,7,5,2,10,0,3285,13,4,278,5,10,7.0,6.333333333333333,8.0,4.0,5.69,6.204666666666666,68.48142397659937,High,0
599,AgriTech,7,4,3,9,9,4,2,6,10,0,10,7,3447,4,10,358,2,10,3.3333333333333335,7.333333333333333,5.0,5.666666666666667,6.297999999999999,5.526266666666666,28.583891670145317,Low,3
600,SaaS,10,4,1,10,8,7,6,8,7,6,1,9,3991,5,6,206,10,9,8.0,8.333333333333334,5.5,5.333333333333333,5.494,6.532133333333334,58.499382851376794,High,2
601,CleanTech,6,10,4,10,7,9,2,5,4,5,10,1,2470,15,0,34,2,6,3.0,8.666666666666666,5.0,5.333333333333333,4.146666666666667,5.229333333333333,50.72225909430812,Medium,1
602,AI,0,7,9,5,1,10,5,2,4,9,9,6,938,20,3,150,9,9,5.333333333333333,5.333333333333333,4.5,8.0,4.958666666666667,5.625066666666666,50.66504896646376,Medium,3
603,AgriTech,1,14,5,7,4,10,4,9,7,3,1,5,4899,11,10,481,10,3,7.666666666666667,7.0,3.0,3.0,8.432666666666668,5.819866666666667,30.121657862413382,Low,3
604,SaaS,2,3,1,10,7,7,7,8,9,5,1,1,4006,19,4,232,2,4,5.666666666666667,8.0,1.5,2.3333333333333335,7.1706666666666665,4.9341333333333335,38.88426736500061,Medium,2
605,E-Commerce,0,9,5,4,7,1,7,6,4,5,10,4,1935,17,7,29,8,6,7.0,4.0,2.5,6.333333333333333,6.456666666666667,5.258,62.43006399726112,High,0
606,EdTech,8,3,8,1,6,10,6,10,4,3,8,6,633,1,7,256,8,4,8.0,5.666666666666667,8.0,5.666666666666667,2.922,6.051066666666667,59.88999438409769,High,0
607,E-Commerce,7,5,8,3,8,9,10,7,6,5,6,7,1253,20,0,337,1,1,6.0,6.666666666666667,7.5,6.0,4.168666666666667,6.067066666666667,52.000702738578234,High,0
608,AI,1,16,5,5,6,4,5,9,6,9,6,2,1082,12,4,453,1,7,5.0,5.0,3.0,5.666666666666667,4.054666666666667,4.544266666666667,31.467672523822532,Low,1
609,AgriTech,8,5,9,3,10,3,1,7,7,10,9,0,2143,16,9,210,4,5,4.0,5.333333333333333,8.5,6.333333333333333,7.0953333333333335,6.2524,46.74442839424234,Medium,3
610,AI,6,14,1,7,3,4,3,3,1,7,4,6,1285,16,0,414,2,8,2.6666666666666665,4.666666666666667,3.5,5.666666666666667,3.5233333333333334,4.004666666666667,29.83455611848052,Low,1
611,CleanTech,8,13,4,9,4,4,9,6,3,2,8,4,353,15,0,124,1,9,5.333333333333333,5.666666666666667,6.0,4.666666666666667,2.735333333333333,4.8804,67.66216293324284,High,1
612,HealthTech,5,14,3,6,3,10,1,7,9,3,4,4,1885,20,1,392,9,5,5.666666666666667,6.333333333333333,4.0,3.6666666666666665,4.923333333333333,4.918,17.435274473471615,Low,2
613,AgriTech,5,15,2,10,1,2,5,2,6,9,2,6,1818,17,1,198,3,8,3.3333333333333335,4.333333333333333,3.5,5.666666666666667,4.378666666666667,4.2424,35.31741860695589,Low,1
614,HealthTech,10,19,8,1,10,1,2,3,6,0,8,0,2520,7,8,477,1,1,2.0,4.0,9.0,2.6666666666666665,5.513333333333333,4.636,18.554700990741253,Low,1
615,SaaS,3,7,7,7,5,10,4,4,5,3,7,7,4008,2,3,472,2,1,3.3333333333333335,7.333333333333333,5.0,5.666666666666667,4.005333333333334,5.067733333333333,20.285870449842776,Low,1
616,EdTech,9,12,9,3,1,1,1,10,3,10,4,9,3022,16,2,35,8,7,6.333333333333333,1.6666666666666667,9.0,7.666666666666667,5.348,6.002933333333333,70.96218125249636,High,1
617,FinTech,9,3,2,5,1,8,3,6,5,9,9,4,2584,17,10,63,5,6,4.666666666666667,4.666666666666667,5.5,7.333333333333333,7.889333333333333,6.0112000000000005,58.479712177498534,High,3
618,AI,1,20,4,10,2,2,10,1,1,9,9,7,1547,5,0,179,7,5,6.0,4.666666666666667,2.5,8.333333333333334,1.8646666666666665,4.672933333333333,50.777216854914506,Medium,2
619,E-Commerce,6,20,6,4,4,10,7,9,3,8,8,9,4018,7,1,404,6,5,7.333333333333333,6.0,6.0,8.333333333333334,4.1786666666666665,6.369066666666666,54.60894400014414,High,0
620,EdTech,4,6,3,10,6,5,10,5,4,7,1,9,4204,12,5,430,1,9,5.333333333333333,7.0,3.5,5.666666666666667,6.469333333333334,5.593866666666667,51.13474261448783,Medium,2
621,AgriTech,10,20,8,5,8,4,3,7,5,10,7,4,1368,7,8,498,6,1,5.333333333333333,5.666666666666667,9.0,7.0,4.745333333333334,6.349066666666667,33.55681821594495,Low,3
622,HealthTech,5,3,3,5,3,8,4,9,10,3,5,6,3337,18,4,390,7,8,6.666666666666667,5.333333333333333,4.0,4.666666666666667,6.558,5.444933333333333,32.43093491259313,Low,3
623,E-Commerce,1,11,2,6,1,2,2,9,9,6,7,9,1757,5,3,20,4,2,5.0,3.0,1.5,7.333333333333333,3.0046666666666666,3.9675999999999996,31.039722748608778,Low,1
624,HealthTech,4,3,3,10,3,10,3,1,4,9,9,2,1517,14,4,36,8,7,4.0,7.666666666666667,3.5,6.666666666666667,4.678,5.302266666666667,45.54196460479964,Medium,3
625,CleanTech,9,12,6,10,3,9,9,1,3,2,2,1,4917,9,8,359,8,6,6.0,7.333333333333333,7.5,1.6666666666666667,7.4446666666666665,5.988933333333334,54.18730085319671,High,2
626,HealthTech,3,19,2,6,5,7,3,3,10,8,4,5,3484,16,6,92,7,10,4.333333333333333,6.0,2.5,5.666666666666667,6.989333333333334,5.0978666666666665,35.854683272119,Low,3
627,CleanTech,8,16,8,8,4,7,5,6,1,9,4,4,3685,0,7,299,2,2,4.333333333333333,6.333333333333333,8.0,5.666666666666667,4.79,5.824666666666666,54.302772213596484,High,3
628,SaaS,5,10,1,8,4,1,2,2,10,3,2,8,3052,6,3,47,6,3,3.3333333333333335,4.333333333333333,3.0,4.333333333333333,4.034666666666666,3.8069333333333333,19.719325010586125,Low,1
629,E-Commerce,1,20,7,9,9,2,4,10,6,1,3,9,2696,12,10,454,6,4,6.666666666666667,6.666666666666667,4.0,4.333333333333333,7.1306666666666665,5.7594666666666665,36.72875191826608,Low,3
630,E-Commerce,0,10,2,8,7,4,7,1,7,9,8,3,190,2,7,96,7,7,5.0,6.333333333333333,1.0,6.666666666666667,2.793333333333333,4.358666666666666,34.8821110987648,Low,2
631,FinTech,4,4,10,2,4,4,7,1,10,4,9,10,932,18,5,446,6,8,4.666666666666667,3.3333333333333335,7.0,7.666666666666667,5.288,5.590933333333334,26.651360579969545,Low,0
632,AgriTech,8,10,6,10,3,3,3,5,8,1,6,2,4237,14,4,330,2,2,3.3333333333333335,5.333333333333333,7.0,3.0,6.491333333333333,5.031599999999999,28.143929269662397,Low,1
633,CleanTech,5,15,2,1,6,7,5,4,1,9,10,8,3238,4,6,396,8,8,5.666666666666667,4.666666666666667,3.5,9.0,4.825333333333333,5.531733333333333,43.667694747179276,Medium,0
634,FinTech,9,20,2,10,3,8,1,1,4,5,2,7,2215,10,5,460,4,9,2.0,7.0,5.5,4.666666666666667,4.81,4.795333333333334,21.229011691287532,Low,1
635,HealthTech,6,8,10,2,6,2,10,4,5,10,2,5,565,17,2,165,9,7,7.666666666666667,3.3333333333333335,8.0,5.666666666666667,3.8766666666666665,5.708666666666667,64.93244399864257,High,2
636,HealthTech,4,17,8,2,9,4,10,3,2,9,7,0,1134,2,4,407,8,1,7.0,5.0,6.0,5.333333333333333,2.4226666666666667,5.1512,42.716895457125425,Medium,0
637,FinTech,9,17,2,3,6,3,10,2,1,0,8,9,743,5,8,317,3,6,5.0,4.0,5.5,5.666666666666667,3.9953333333333334,4.832400000000001,53.82812335764887,High,0
638,E-Commerce,5,2,7,10,4,2,1,9,8,5,8,10,672,2,6,295,3,8,4.333333333333333,5.333333333333333,6.0,7.666666666666667,2.781333333333334,5.222933333333333,33.903232297144285,Low,1
639,HealthTech,4,5,3,7,5,6,5,1,6,3,6,0,2911,4,3,195,8,5,4.666666666666667,6.0,3.5,3.0,3.607333333333333,4.1548,29.25389584453259,Low,2
640,AI,10,5,8,2,6,4,10,7,5,2,10,5,530,8,6,191,2,2,6.333333333333333,4.0,9.0,5.666666666666667,3.686666666666667,5.737333333333334,64.47746581657321,High,0
641,SaaS,8,8,7,1,3,6,9,4,9,1,8,2,3021,18,4,462,9,5,7.333333333333333,3.3333333333333335,7.5,3.6666666666666665,6.347333333333334,5.636133333333333,36.38714288717441,Low,0
642,SaaS,5,9,8,6,8,2,1,5,2,6,1,2,561,12,10,378,4,8,3.3333333333333335,5.333333333333333,6.5,3.0,5.707333333333334,4.7748,38.612481718285906,Medium,3
643,AI,10,18,7,9,4,4,1,10,10,8,9,5,301,5,1,152,6,2,5.666666666666667,5.666666666666667,8.5,7.333333333333333,1.3673333333333335,5.7068,36.6484174867786,Low,1
644,FinTech,7,6,6,3,8,6,4,5,8,2,1,2,3767,10,5,431,3,1,4.0,5.666666666666667,6.5,1.6666666666666667,5.844666666666666,4.7356,21.00993143794126,Low,2
645,AI,1,8,7,6,10,5,4,1,10,5,3,10,4280,20,6,215,3,4,2.6666666666666665,7.0,4.0,6.0,8.186666666666667,5.570666666666666,26.52507785682753,Low,3
646,CleanTech,8,5,5,3,10,3,2,6,9,8,9,9,509,20,7,151,3,4,3.6666666666666665,5.333333333333333,6.5,8.666666666666666,6.006,6.034533333333333,39.65742995888679,Medium,1
647,CleanTech,4,7,7,1,3,8,9,9,1,1,5,5,3445,13,5,194,10,9,9.333333333333334,4.0,5.5,3.6666666666666665,6.13,5.726000000000001,79.12836391046989,High,0
648,FinTech,6,8,1,5,10,7,9,2,7,6,9,4,2203,5,7,452,2,3,4.333333333333333,7.333333333333333,3.5,6.333333333333333,4.635333333333333,5.2270666666666665,25.75687047086487,Low,0
649,AI,9,19,1,10,7,3,2,7,8,4,9,3,2834,5,6,250,8,4,5.666666666666667,6.666666666666667,5.0,5.333333333333333,4.722666666666666,5.477866666666666,32.164554947249556,Low,2
650,CleanTech,0,6,9,4,9,6,9,6,3,4,6,7,794,16,1,17,9,3,8.0,6.333333333333333,4.5,5.666666666666667,3.5293333333333337,5.6058666666666666,67.74144626001927,High,0
651,E-Commerce,9,4,5,7,4,4,6,5,4,10,1,1,2479,10,5,81,8,2,6.333333333333333,5.0,7.0,4.0,4.986,5.463866666666666,57.6966391677653,High,2
652,AI,4,8,5,6,8,5,8,4,3,6,10,10,1523,14,8,412,10,4,7.333333333333333,6.333333333333333,4.5,8.666666666666666,6.015333333333333,6.569733333333332,47.05075033860586,Medium,0
653,E-Commerce,9,15,3,10,3,5,10,4,7,8,7,6,4856,8,5,297,3,8,5.666666666666667,6.0,6.0,7.0,6.237333333333333,6.1808,54.996201007258605,High,2
654,CleanTech,1,8,5,7,7,7,4,6,9,3,6,3,2194,20,3,104,7,1,5.666666666666667,7.0,3.0,4.0,5.795999999999999,5.092533333333334,34.09858761558397,Low,2
655,SaaS,5,6,3,5,3,5,2,4,3,8,9,1,2528,16,6,166,10,8,5.333333333333333,4.333333333333333,4.0,6.0,6.352,5.203733333333333,46.81275020046068,Medium,3
656,CleanTech,10,6,9,4,7,3,2,5,6,10,7,6,434,6,2,50,2,8,3.0,4.666666666666667,9.5,7.666666666666667,1.9560000000000002,5.357866666666667,53.137847878119885,High,1
657,E-Commerce,0,3,9,7,10,10,9,6,8,9,4,0,2038,6,4,340,4,3,6.333333333333333,9.0,4.5,4.333333333333333,3.692,5.5717333333333325,38.35961595637013,Medium,2
658,EdTech,2,7,6,7,10,5,1,5,6,8,7,3,1706,20,0,310,6,10,4.0,7.333333333333333,4.0,6.0,4.470666666666666,5.1608,31.37262262638032,Low,3
659,AgriTech,4,16,1,6,6,7,7,7,2,3,2,8,68,0,9,278,5,10,6.333333333333333,6.333333333333333,2.5,4.333333333333333,3.0453333333333332,4.509066666666667,52.73572524723483,High,2
660,HealthTech,3,11,7,8,2,5,3,9,7,2,6,3,1904,7,2,164,9,6,7.0,5.0,5.0,3.6666666666666665,3.1026666666666665,4.753866666666667,42.87230879654514,Medium,2
661,AI,2,8,7,4,3,5,3,10,2,1,6,2,3959,4,7,284,10,4,7.666666666666667,4.0,4.5,3.0,5.639333333333333,4.9612,49.526552406579306,Medium,3
662,EdTech,9,6,10,10,6,9,2,7,2,8,2,9,2951,18,8,163,4,1,4.333333333333333,8.333333333333334,9.5,6.333333333333333,7.634,7.2268,63.9884018103026,High,3
663,CleanTech,4,2,10,5,4,3,10,7,2,1,4,9,4649,7,8,62,5,1,7.333333333333333,4.0,7.0,4.666666666666667,6.932666666666667,5.986533333333333,78.49124429775694,High,0
664,SaaS,10,14,4,4,6,6,6,4,1,5,8,1,2713,16,9,188,4,5,4.666666666666667,5.333333333333333,7.0,4.666666666666667,7.475333333333334,5.8284,64.15297477649008,High,0
665,FinTech,7,19,8,1,1,1,10,1,1,4,8,2,3369,18,1,430,8,8,6.333333333333333,1.0,7.5,4.666666666666667,5.5793333333333335,5.015866666666667,53.81055489319273,High,0
666,CleanTech,10,14,6,8,10,10,2,8,7,4,8,0,4595,11,3,249,8,1,6.0,9.333333333333334,8.0,4.0,5.896666666666666,6.646000000000001,43.12051966616913,Medium,3
667,SaaS,3,19,4,1,1,5,10,4,5,3,8,9,3727,14,4,146,3,2,5.666666666666667,2.3333333333333335,3.5,6.666666666666667,6.1513333333333335,4.8636,52.47625254142103,High,0
668,AgriTech,0,6,4,5,3,8,4,1,3,5,1,7,2404,3,2,264,1,7,2.0,5.333333333333333,2.0,4.333333333333333,2.7693333333333334,3.2871999999999995,25.716778334029055,Low,1
669,CleanTech,10,14,2,6,8,5,10,5,1,4,2,0,3325,11,10,485,6,8,7.0,6.333333333333333,6.0,2.0,7.383333333333333,5.743333333333333,59.42615689089229,High,2
670,E-Commerce,6,5,2,6,8,9,9,8,10,10,4,2,3546,12,0,233,2,3,6.333333333333333,7.666666666666667,4.0,5.333333333333333,4.364,5.539466666666667,43.061657802350254,Medium,2
671,FinTech,7,18,4,5,4,6,9,4,6,3,9,2,2303,13,5,189,2,8,5.0,5.0,5.5,4.666666666666667,5.368666666666667,5.107066666666666,55.62701399170527,High,0
672,SaaS,2,4,5,3,6,8,6,8,1,8,3,1,3681,4,9,191,3,1,5.666666666666667,5.666666666666667,3.5,4.0,6.120666666666668,4.990800000000001,55.9684728649811,High,0
673,SaaS,5,18,8,5,8,10,4,8,9,5,6,4,3221,15,1,268,8,9,6.666666666666667,7.666666666666667,6.5,5.0,4.980666666666667,6.162800000000001,45.86210106822269,Medium,3
674,SaaS,1,12,6,8,7,8,7,3,2,10,7,9,4374,6,8,252,3,2,4.333333333333333,7.666666666666667,3.5,8.666666666666666,6.5826666666666656,6.149866666666666,49.64968181558818,Medium,0
675,AgriTech,6,5,4,2,7,3,1,9,1,9,8,2,1082,14,0,105,7,2,5.666666666666667,4.0,5.0,6.333333333333333,3.0546666666666664,4.810933333333333,50.838030770339614,Medium,1
676,CleanTech,7,3,7,6,4,7,4,3,7,9,7,2,445,12,10,206,10,4,5.666666666666667,5.666666666666667,7.0,6.0,5.63,5.992666666666667,40.78181168407995,Medium,3
677,AgriTech,5,17,8,9,9,7,5,1,6,9,3,7,4931,15,8,401,10,10,5.333333333333333,8.333333333333334,6.5,6.333333333333333,8.454,6.9908,43.39275578633141,Medium,3
678,AI,5,19,2,8,10,10,8,2,6,2,6,3,4850,11,6,23,9,3,6.333333333333333,9.333333333333334,3.5,3.6666666666666665,7.066666666666666,5.98,55.19546042891078,High,2
679,HealthTech,4,9,7,8,6,6,2,6,5,9,5,3,1592,6,10,129,8,4,5.333333333333333,6.666666666666667,5.5,5.666666666666667,5.394666666666667,5.712266666666666,46.43915755458987,Medium,3
680,HealthTech,7,4,2,8,3,7,5,10,4,5,10,2,2775,15,9,396,1,6,5.333333333333333,6.0,4.5,5.666666666666667,7.3500000000000005,5.7700000000000005,50.1313880888814,Medium,0
681,AI,0,10,2,7,5,2,6,2,4,0,4,10,3816,12,1,417,7,7,5.0,4.666666666666667,1.0,4.666666666666667,4.8773333333333335,4.042133333333334,24.27841661586328,Low,1
682,CleanTech,9,7,8,8,5,9,5,6,3,4,1,0,3053,2,5,278,7,5,6.0,7.333333333333333,8.5,1.6666666666666667,4.035333333333333,5.507066666666667,53.28079811882287,High,2
683,E-Commerce,3,11,2,6,5,10,9,1,10,9,7,7,1590,14,7,180,8,2,6.0,7.0,2.5,7.666666666666667,5.726666666666667,5.778666666666667,32.903781874750365,Low,2
684,AgriTech,3,11,9,2,8,10,10,1,8,5,8,0,2231,2,1,422,10,3,7.0,6.666666666666667,6.0,4.333333333333333,2.154,5.2308,27.19823534534795,Low,2
685,FinTech,2,14,1,2,9,1,1,5,7,10,2,6,1561,6,4,81,5,10,3.6666666666666665,4.0,1.5,6.0,3.374,3.7081333333333335,31.648913007570954,Low,1
686,SaaS,2,18,9,8,9,1,3,10,9,7,7,4,4272,17,10,188,10,3,7.666666666666667,6.0,5.5,6.0,9.014666666666667,6.836266666666667,49.865008123537834,Medium,3
687,SaaS,3,10,1,1,6,3,2,9,1,10,6,3,3646,13,5,179,9,5,6.666666666666667,3.3333333333333335,2.0,6.333333333333333,6.264,4.919466666666667,51.21522720379117,Medium,3
688,CleanTech,10,18,10,6,6,3,3,8,7,8,5,3,4942,17,2,168,9,5,6.666666666666667,5.0,10.0,5.333333333333333,6.794666666666667,6.758933333333333,59.21007979386334,High,3
689,E-Commerce,0,10,10,6,9,1,10,3,10,10,4,7,3238,18,1,456,8,4,7.0,5.333333333333333,5.0,7.0,5.492,5.965066666666667,29.83440596066465,Low,2
690,HealthTech,10,10,2,4,4,7,9,3,4,2,2,10,1600,13,10,163,6,8,6.0,5.0,6.0,4.666666666666667,6.566666666666666,5.6466666666666665,63.923383476033294,High,0
691,HealthTech,10,2,6,10,6,4,9,1,7,1,10,10,2056,19,5,411,6,6,5.333333333333333,6.666666666666667,8.0,7.0,6.204000000000001,6.6408000000000005,43.89953841487403,Medium,0
692,SaaS,1,3,6,3,4,10,10,3,1,3,6,5,4331,5,2,91,1,6,4.666666666666667,5.666666666666667,3.5,4.666666666666667,4.387333333333333,4.577466666666667,64.44488157053063,High,0
693,CleanTech,8,17,1,3,1,2,2,1,5,7,5,0,709,7,1,66,6,1,3.0,2.0,4.5,4.0,1.9726666666666668,3.0945333333333336,23.774486985822094,Low,1
694,AgriTech,9,2,7,1,7,10,3,8,3,10,2,9,2971,6,0,16,4,6,5.0,6.0,8.0,7.0,2.9806666666666666,5.796133333333334,66.97804392416428,High,1
695,HealthTech,1,11,8,3,10,5,4,1,5,7,10,7,2732,19,7,121,4,3,3.0,6.0,4.5,8.0,7.321333333333333,5.764266666666666,42.47799437208505,Medium,0
696,AgriTech,4,19,2,4,6,6,9,5,4,2,7,1,793,17,0,495,2,6,5.333333333333333,5.333333333333333,3.0,3.3333333333333335,3.362,4.0724,32.359309634425784,Low,1
697,E-Commerce,8,9,8,5,9,9,3,9,2,3,6,5,3099,17,4,57,4,10,5.333333333333333,7.666666666666667,8.0,4.666666666666667,6.232666666666667,6.379866666666667,78.75026653012314,High,3
698,HealthTech,8,12,9,3,7,4,7,7,4,2,9,8,2855,14,10,89,5,6,6.333333333333333,4.666666666666667,8.5,6.333333333333333,7.57,6.680666666666667,76.93681058792791,High,0
699,HealthTech,7,3,6,6,7,2,3,4,3,9,10,0,26,19,5,384,5,2,4.0,5.0,6.5,6.333333333333333,4.850666666666666,5.336799999999999,33.01459834285834,Low,1
700,EdTech,0,9,5,5,2,5,7,9,1,1,5,5,3267,18,10,385,5,1,7.0,4.0,2.5,3.6666666666666665,8.511333333333333,5.1356,50.47840280134419,Medium,0
701,HealthTech,0,9,9,3,9,3,7,9,10,3,9,7,84,20,2,325,4,3,6.666666666666667,5.0,4.5,6.333333333333333,4.056,5.3112,34.79231672487783,Low,0
702,AI,8,18,9,6,10,2,9,2,8,5,9,9,3101,20,6,42,1,5,4.0,6.0,8.5,7.666666666666667,7.400666666666666,6.713466666666667,65.42616289720495,High,0
703,FinTech,10,16,1,6,9,1,2,10,5,10,1,1,1122,1,1,124,10,4,7.333333333333333,5.333333333333333,5.5,4.0,1.248,4.682933333333333,45.33024208443072,Medium,2
704,AI,7,18,3,8,6,10,6,10,4,10,5,4,11,7,6,393,8,7,8.0,8.0,5.0,6.333333333333333,3.174,6.101466666666666,50.940438400759206,Medium,2
705,CleanTech,9,14,9,2,3,2,9,6,10,4,9,5,1748,20,1,12,3,4,6.0,2.3333333333333335,9.0,6.0,4.832,5.633066666666667,62.54328299042293,High,0
706,CleanTech,8,20,2,1,1,6,2,4,5,2,7,4,3109,10,4,495,2,8,2.6666666666666665,2.6666666666666665,5.0,4.333333333333333,5.072666666666667,3.947866666666666,19.787796974620324,Low,1
707,AgriTech,6,6,4,4,4,8,2,8,4,1,6,2,1876,17,6,13,9,7,6.333333333333333,5.333333333333333,5.0,3.0,6.084,5.150133333333333,60.01297363529068,High,3
708,AI,2,13,4,7,3,3,5,7,3,8,6,3,2619,12,10,365,7,10,6.333333333333333,4.333333333333333,3.0,5.666666666666667,7.0793333333333335,5.282533333333333,49.08058369346182,Medium,3
709,AI,2,2,2,10,1,9,10,7,5,0,7,6,179,8,10,269,9,9,8.666666666666666,6.666666666666667,2.0,4.333333333333333,4.7860000000000005,5.290533333333333,55.87222170501196,High,2
710,AI,1,6,3,3,3,9,10,10,4,8,1,3,796,8,2,51,2,1,7.333333333333333,5.0,2.0,4.0,2.530666666666667,4.1728,60.142109356934114,High,2
711,E-Commerce,4,9,3,3,4,2,10,9,1,0,4,8,3813,16,10,18,9,5,9.333333333333334,3.0,3.5,4.0,8.542,5.675066666666668,85.95213569461504,High,0
712,HealthTech,2,14,1,5,8,8,8,5,3,6,1,10,2024,6,3,497,10,4,7.666666666666667,7.0,1.5,5.666666666666667,3.3493333333333335,5.036533333333334,30.70351939888824,Low,2
713,FinTech,5,9,6,5,9,10,9,6,10,5,6,9,3217,8,0,316,9,6,8.0,8.0,5.5,6.666666666666667,3.478,6.3289333333333335,42.59136352306273,Medium,2
714,AgriTech,1,12,8,10,3,5,2,1,10,6,4,1,886,0,2,154,9,1,4.0,6.0,4.5,3.6666666666666665,1.2573333333333334,3.8848,9.42180231423225,Low,2
715,AI,2,2,3,3,6,4,5,6,8,2,1,4,2468,1,8,410,10,6,7.0,4.333333333333333,2.5,2.3333333333333335,4.478666666666666,4.129066666666666,21.420312748698883,Low,2
716,AI,4,14,5,9,10,10,7,2,7,2,9,7,3387,3,9,106,10,1,6.333333333333333,9.666666666666666,4.5,6.0,5.758,6.451600000000001,45.57349774613117,Medium,2
717,EdTech,10,20,1,4,5,5,6,6,2,10,4,4,1519,13,4,285,4,1,5.333333333333333,4.666666666666667,5.5,6.0,4.512666666666667,5.202533333333333,47.327491193244086,Medium,1
718,AgriTech,10,4,10,3,6,4,6,9,1,0,6,9,2432,3,7,151,10,8,8.333333333333334,4.333333333333333,10.0,5.0,4.454666666666667,6.424266666666666,81.74050927524826,High,0
719,AI,0,18,7,2,4,8,7,8,3,3,7,7,4866,1,1,287,3,2,6.0,4.666666666666667,3.5,5.666666666666667,3.7439999999999998,4.715466666666667,45.82981713781183,Medium,0
720,AgriTech,0,6,10,10,10,4,3,9,5,1,8,7,916,7,2,445,6,10,6.0,8.0,5.0,5.333333333333333,2.444,5.355466666666667,37.34965448686569,Medium,3
721,HealthTech,9,9,1,9,6,10,3,10,10,9,9,8,2070,17,6,36,3,6,5.333333333333333,8.333333333333334,5.0,8.666666666666666,6.213333333333334,6.709333333333333,55.12188309913719,High,3
722,EdTech,8,15,9,4,7,6,10,8,1,7,9,9,3976,18,9,52,9,6,9.0,5.666666666666667,8.5,8.333333333333334,8.650666666666666,8.030133333333334,100.0,High,0
723,AgriTech,6,5,8,3,9,2,9,3,3,2,8,5,1781,13,3,140,3,6,5.0,4.666666666666667,7.0,5.0,4.354,5.204133333333333,62.920779739506216,High,0
724,FinTech,0,12,7,7,10,5,8,8,3,6,10,3,338,19,8,225,2,8,6.0,7.333333333333333,3.5,6.333333333333333,6.058666666666667,5.845066666666666,64.75360603994797,High,0
725,FinTech,7,16,10,8,7,6,5,6,5,6,3,10,1516,9,6,103,8,4,6.333333333333333,7.0,8.5,6.333333333333333,4.510666666666666,6.535466666666666,61.513801004856106,High,3
726,CleanTech,2,20,7,2,6,5,6,6,3,8,2,2,2870,16,10,17,6,3,6.0,4.333333333333333,4.5,4.0,7.913333333333334,5.349333333333333,65.0548226185721,High,0
727,EdTech,7,8,5,7,1,2,10,6,9,5,5,4,3582,7,0,95,8,6,8.0,3.3333333333333335,6.0,4.666666666666667,3.5546666666666664,5.1109333333333336,56.35633050335903,High,2
728,EdTech,4,20,5,5,2,7,1,3,1,0,1,5,914,13,3,354,7,4,3.6666666666666665,4.666666666666667,4.5,2.0,3.776,3.721866666666666,25.222008330755614,Low,1
729,CleanTech,0,20,5,5,1,4,10,10,4,7,3,2,3290,20,9,147,3,2,7.666666666666667,3.3333333333333335,2.5,4.0,8.526666666666666,5.205333333333333,66.94831267662312,High,0
730,AgriTech,6,12,1,3,9,8,1,1,10,0,1,1,4570,7,10,378,8,6,3.3333333333333335,6.666666666666667,3.5,0.6666666666666666,7.546666666666667,4.342666666666666,7.127691203454824,Low,2
731,EdTech,4,6,8,5,10,7,4,4,10,2,3,6,1446,4,5,422,10,10,6.0,7.333333333333333,6.0,3.6666666666666665,3.297333333333333,5.2594666666666665,23.51486412219242,Low,2
732,FinTech,5,6,1,2,10,7,2,10,4,10,4,10,1379,15,5,433,1,5,4.333333333333333,6.333333333333333,3.0,8.0,5.085999999999999,5.350533333333333,33.66388073865633,Low,1
733,FinTech,5,9,4,4,9,9,7,6,1,4,7,4,1483,7,9,255,1,9,4.666666666666667,7.333333333333333,4.5,5.0,5.155333333333334,5.331066666666667,61.99971169699354,High,0
734,AI,7,11,9,6,7,1,2,10,2,7,5,8,2074,9,5,458,10,6,7.333333333333333,4.666666666666667,8.0,6.666666666666667,4.549333333333333,6.2432,48.74498097500472,Medium,3
735,HealthTech,8,7,9,1,2,10,10,2,1,8,5,2,800,7,4,30,8,3,6.666666666666667,4.333333333333333,8.5,5.0,3.033333333333333,5.506666666666666,72.87278930155591,High,0
736,EdTech,1,16,5,10,6,6,2,7,6,6,1,7,1246,8,2,496,9,5,6.0,7.333333333333333,3.0,4.666666666666667,2.830666666666667,4.766133333333333,16.02949700134841,Low,2
737,AgriTech,8,17,4,4,4,6,5,7,3,8,8,5,4959,17,1,417,10,10,7.333333333333333,4.666666666666667,6.0,7.0,6.472666666666666,6.294533333333333,53.95620797458128,High,3
738,CleanTech,10,18,3,6,1,6,4,4,7,10,4,3,2737,2,2,466,6,8,4.666666666666667,4.333333333333333,6.5,5.666666666666667,2.824666666666667,4.798266666666667,24.296135238135268,Low,2
739,CleanTech,9,9,3,9,1,6,8,4,5,2,10,8,3495,16,8,453,5,9,5.666666666666667,5.333333333333333,6.0,6.666666666666667,7.663333333333334,6.266,49.23194277185321,Medium,0
740,AgriTech,8,9,5,2,5,10,4,1,9,4,5,4,4834,19,2,419,2,8,2.3333333333333335,5.666666666666667,6.5,4.333333333333333,7.056,5.177866666666667,23.417862173143966,Low,1
741,E-Commerce,9,10,10,7,2,7,6,2,7,9,2,9,3257,14,2,274,9,3,5.666666666666667,5.333333333333333,9.5,6.666666666666667,5.171333333333333,6.4676,43.9532949129535,Medium,2
742,SaaS,9,3,1,6,4,10,5,9,4,7,1,5,3877,20,0,157,6,9,6.666666666666667,6.666666666666667,5.0,4.333333333333333,5.917999999999999,5.716933333333333,64.3312121039212,High,2
743,HealthTech,6,16,5,2,1,6,2,10,5,0,9,8,981,16,1,193,8,3,6.666666666666667,3.0,5.5,5.666666666666667,3.654,4.897466666666667,43.753134544406166,Medium,1
744,CleanTech,0,19,6,8,4,1,8,8,5,7,2,6,2476,7,10,236,9,8,8.333333333333334,4.333333333333333,3.0,5.0,6.150666666666666,5.363466666666667,57.261331659574196,High,3
745,EdTech,6,4,7,7,6,3,2,8,5,6,6,4,2088,1,2,301,9,10,6.333333333333333,5.333333333333333,6.5,5.333333333333333,2.2253333333333334,5.145066666666667,43.093341101497664,Medium,3
746,HealthTech,9,18,9,5,10,2,9,9,10,0,1,1,2952,16,1,499,8,9,8.666666666666666,5.666666666666667,9.0,0.6666666666666666,4.968,5.7936,46.51498725160142,Medium,2
747,EdTech,4,5,3,5,4,6,9,7,9,9,1,3,1011,17,7,45,10,7,8.666666666666666,5.0,3.5,4.333333333333333,5.8406666666666665,5.468133333333332,59.292966908220535,High,2
748,E-Commerce,5,5,2,7,1,8,3,9,10,9,9,1,3464,4,5,255,8,4,6.666666666666667,5.333333333333333,3.5,6.333333333333333,4.642666666666667,5.2951999999999995,29.76803620605256,Low,2
749,FinTech,9,15,3,9,7,3,4,10,3,5,4,2,2750,8,6,82,3,10,5.666666666666667,6.333333333333333,6.0,3.6666666666666665,5.166666666666667,5.366666666666667,71.0296021118195,High,3
750,HealthTech,6,10,9,9,2,10,8,2,6,0,9,9,2126,8,0,159,3,9,4.333333333333333,7.0,7.5,6.0,2.750666666666666,5.5168,54.62606199115269,High,1
751,AI,4,10,7,9,9,8,9,6,8,1,5,2,4812,1,5,10,2,3,5.666666666666667,8.666666666666666,5.5,2.6666666666666665,5.041333333333333,5.508266666666667,59.93609283356807,High,2
752,CleanTech,6,19,9,6,3,8,3,3,9,4,7,3,3861,1,1,78,1,3,2.3333333333333335,5.666666666666667,7.5,4.666666666666667,3.0740000000000003,4.648133333333334,33.529639651273484,Low,1
753,HealthTech,8,11,2,10,8,5,5,6,7,1,1,5,2591,18,5,466,4,2,5.0,7.666666666666667,5.0,2.3333333333333335,6.394000000000001,5.2788,26.27926951225737,Low,2
754,HealthTech,2,5,5,6,8,8,8,3,3,9,6,2,1473,2,2,302,2,10,4.333333333333333,7.333333333333333,3.5,5.666666666666667,1.982,4.563066666666666,45.30141178378476,Medium,2
755,HealthTech,7,13,4,3,3,6,3,8,1,0,8,9,2521,16,6,239,2,3,4.333333333333333,4.0,5.5,5.666666666666667,6.347333333333334,5.169466666666667,52.998351267181796,High,1
756,SaaS,1,9,2,1,4,5,7,4,4,5,1,0,1165,13,2,220,5,1,5.333333333333333,3.3333333333333335,1.5,2.0,3.61,3.155333333333333,30.666430418369707,Low,2
757,HealthTech,10,3,9,7,2,9,8,10,6,7,9,0,3322,13,8,81,4,4,7.333333333333333,6.0,9.5,5.333333333333333,7.047999999999999,7.042933333333333,80.27571978149032,High,0
758,EdTech,6,14,9,4,4,7,10,6,3,7,3,8,609,13,2,499,1,8,5.666666666666667,5.0,7.5,6.0,3.239333333333333,5.4812,52.80374673782144,High,0
759,FinTech,1,17,6,1,9,8,3,9,1,7,1,8,2183,5,6,372,9,5,7.0,6.0,3.5,5.333333333333333,4.288666666666667,5.2244,43.93948039389397,Medium,3
760,E-Commerce,3,3,6,8,2,1,2,2,6,10,1,4,2531,2,3,105,4,2,2.6666666666666665,3.6666666666666665,4.5,5.0,3.020666666666667,3.7708,25.606562497184537,Low,1
761,AgriTech,6,12,8,6,3,2,10,2,1,5,6,8,2861,0,7,406,5,3,5.666666666666667,3.6666666666666665,7.0,6.333333333333333,4.240666666666667,5.381466666666666,50.10330857731474,Medium,0
762,HealthTech,2,11,6,6,4,8,7,7,9,10,6,10,4650,15,1,93,7,1,7.0,6.0,4.0,8.666666666666666,5.933333333333334,6.319999999999999,49.15536228576233,Medium,2
763,CleanTech,1,16,1,2,5,9,9,2,1,2,1,6,1655,3,7,237,2,2,4.333333333333333,5.333333333333333,1.0,3.0,3.936666666666667,3.520666666666666,39.47618947513836,Medium,0
764,HealthTech,10,18,4,1,1,4,1,2,6,0,3,8,1755,0,8,308,8,1,3.6666666666666665,2.0,7.0,3.6666666666666665,3.8366666666666664,4.034,16.82863689737914,Low,1
765,CleanTech,9,9,7,2,7,10,3,4,1,1,7,6,45,16,7,245,2,2,3.0,6.333333333333333,8.0,4.666666666666667,5.03,5.406000000000001,48.31598009507992,Medium,1
766,EdTech,6,19,2,4,10,10,5,9,7,4,10,8,1259,17,5,302,10,3,8.0,8.0,4.0,7.333333333333333,5.339333333333333,6.534533333333333,43.073520269803545,Medium,0
767,CleanTech,0,10,9,2,7,9,3,8,3,9,3,1,4638,7,9,231,5,1,5.333333333333333,6.0,4.5,4.333333333333333,7.258666666666667,5.4850666666666665,47.09504689428588,Medium,3
768,AI,7,9,8,1,9,4,1,2,6,4,3,10,3232,1,0,467,2,9,1.6666666666666667,4.666666666666667,7.5,5.666666666666667,2.3213333333333335,4.364266666666667,17.138862944955154,Low,1
769,AgriTech,2,15,8,7,4,10,7,8,7,9,3,10,1451,17,6,232,2,10,5.666666666666667,7.0,5.0,7.333333333333333,5.800666666666667,6.1601333333333335,58.657799347113794,High,3
770,FinTech,1,19,7,8,6,10,7,4,1,0,7,7,2118,15,0,290,4,5,5.0,8.0,4.0,4.666666666666667,3.9120000000000004,5.115733333333333,49.1732310658502,Medium,1
771,CleanTech,2,13,4,6,2,10,10,2,1,0,4,6,2567,9,6,230,4,8,5.333333333333333,6.0,3.0,3.3333333333333335,5.211333333333333,4.5756,57.25802818762518,High,0
772,CleanTech,4,20,2,4,4,9,8,10,5,8,4,5,1992,7,1,225,8,5,8.666666666666666,5.666666666666667,3.0,5.666666666666667,2.828,5.1655999999999995,53.470297282443845,High,2
773,FinTech,10,15,3,6,2,7,5,7,6,1,3,4,3123,11,7,240,6,8,6.0,5.0,6.5,2.6666666666666665,6.248666666666668,5.2830666666666675,52.08854506085895,High,2
774,AgriTech,7,18,6,3,10,2,10,6,9,6,10,3,2340,15,1,414,10,7,8.666666666666666,5.0,6.5,6.333333333333333,4.3933333333333335,6.1786666666666665,44.91640714390825,Medium,2
775,HealthTech,9,4,5,8,5,9,5,10,1,9,9,6,4907,11,2,178,8,4,7.666666666666667,7.333333333333333,7.0,8.0,5.771333333333334,7.1542666666666666,74.03365937600418,High,3
776,CleanTech,6,8,8,10,7,4,5,5,4,3,2,2,1488,10,2,338,7,7,5.666666666666667,7.0,7.0,2.3333333333333335,3.325333333333333,5.065066666666667,43.38614884243339,Medium,2
777,FinTech,6,18,6,2,1,8,1,1,10,6,4,7,1573,19,0,435,10,6,4.0,3.6666666666666665,6.0,5.666666666666667,4.215333333333334,4.709733333333333,5.629716832390839,Low,1
778,AI,6,13,6,5,10,7,10,2,8,7,8,1,4962,18,4,51,4,3,5.333333333333333,7.333333333333333,6.0,5.333333333333333,7.641333333333333,6.328266666666666,59.66580876501202,High,0
779,AI,7,10,1,1,10,7,5,8,10,4,6,0,2427,0,4,267,2,9,5.0,6.0,4.0,3.3333333333333335,2.951333333333333,4.2569333333333335,32.970752260625915,Low,2
780,EdTech,0,16,4,6,7,8,6,1,9,0,7,10,1766,2,9,205,9,10,5.333333333333333,7.0,2.0,5.666666666666667,4.510666666666666,4.9021333333333335,30.82529738755432,Low,2
781,FinTech,3,19,5,2,10,1,1,3,3,3,7,1,3549,11,4,401,2,9,2.0,4.333333333333333,4.0,3.6666666666666665,5.532666666666667,3.906533333333333,25.459257679821484,Low,1
782,EdTech,5,14,3,4,6,5,7,2,2,9,2,8,2309,8,8,105,1,5,3.3333333333333335,5.0,4.0,6.333333333333333,5.539333333333334,4.841200000000001,54.864662760561345,High,0
783,AI,8,9,9,6,6,2,1,5,4,2,4,4,4675,20,5,326,8,8,4.666666666666667,4.666666666666667,8.5,3.3333333333333335,8.116666666666667,5.856666666666667,46.78286879510365,Medium,3
784,AgriTech,1,15,1,10,8,2,2,4,2,9,10,10,2404,4,5,23,10,7,5.333333333333333,6.666666666666667,1.0,9.666666666666666,3.936,5.320533333333333,48.59707552637821,Medium,3
785,HealthTech,0,9,6,8,8,1,2,7,1,4,10,7,1442,0,2,122,9,9,6.0,5.666666666666667,3.0,7.0,1.6280000000000001,4.658933333333334,51.1390971911479,Medium,1
786,FinTech,9,15,6,8,6,5,5,5,3,9,6,2,4793,9,4,86,1,7,3.6666666666666665,6.333333333333333,7.5,5.666666666666667,6.028666666666666,5.839066666666667,66.3325154737629,High,3
787,E-Commerce,1,8,10,6,3,2,10,8,7,9,3,6,1976,16,9,286,7,4,8.333333333333334,3.6666666666666665,5.5,6.0,6.983999999999999,6.0968,57.58041701828621,High,0
788,AI,6,13,5,4,5,4,7,4,1,5,9,1,3973,3,6,417,2,4,4.333333333333333,4.333333333333333,5.5,5.0,5.148666666666666,4.863066666666667,43.968761167987545,Medium,0
789,AI,2,12,5,8,2,3,1,6,2,1,4,7,2490,14,2,443,6,8,4.333333333333333,4.333333333333333,3.5,4.0,4.66,4.165333333333333,28.335230327073752,Low,1
790,E-Commerce,9,12,10,8,5,3,10,4,1,6,10,6,725,18,1,475,5,6,6.333333333333333,5.333333333333333,9.5,7.333333333333333,3.8166666666666664,6.463333333333333,60.375905076235114,High,0
791,SaaS,1,14,5,10,9,2,1,2,8,2,2,4,3803,7,4,438,1,9,1.3333333333333333,7.0,3.0,2.6666666666666665,5.035333333333333,3.8070666666666666,7.839289092836569,Low,1
792,AI,10,19,6,1,10,6,1,1,5,0,6,10,4381,14,2,457,2,10,1.3333333333333333,5.666666666666667,8.0,5.333333333333333,5.9206666666666665,5.2508,27.284576089470026,Low,1
793,CleanTech,6,3,8,4,1,2,6,1,8,9,1,3,3827,6,4,329,2,7,3.0,2.3333333333333335,7.0,4.333333333333333,4.884666666666667,4.310266666666667,29.584693512882037,Low,1
794,AgriTech,1,16,2,4,10,8,2,8,3,2,6,0,4665,14,8,497,10,7,6.666666666666667,7.333333333333333,1.5,2.6666666666666665,8.11,5.255333333333334,31.736304856404075,Low,3
795,FinTech,2,19,6,7,5,8,1,4,7,8,10,4,3619,7,10,419,10,4,5.0,6.666666666666667,4.0,7.333333333333333,6.9126666666666665,5.9825333333333335,20.062585777652313,Low,3
796,E-Commerce,10,16,1,7,6,5,6,5,8,9,1,8,2887,9,9,169,6,3,5.666666666666667,6.0,5.5,6.0,6.424666666666667,5.918266666666667,45.47964911121587,Medium,2
797,CleanTech,6,20,4,8,7,10,2,8,6,10,8,9,497,17,0,322,1,8,3.6666666666666665,8.333333333333334,5.0,9.0,3.1646666666666667,5.832933333333333,38.25405501181741,Medium,1
798,E-Commerce,3,13,10,5,9,7,6,7,7,10,5,3,3976,3,3,128,4,7,5.666666666666667,7.0,6.5,6.0,4.150666666666667,5.863466666666667,56.86716739292995,High,3
799,FinTech,0,14,3,7,6,4,10,8,2,5,6,8,704,14,9,446,10,4,9.333333333333334,5.666666666666667,1.5,6.333333333333333,5.802666666666667,5.7272,50.4965718970638,Medium,0
800,EdTech,4,12,9,8,5,1,8,8,8,10,2,1,4657,10,4,170,5,4,7.0,4.666666666666667,6.5,4.333333333333333,6.104666666666667,5.720933333333333,56.784280278572766,High,2
801,FinTech,8,6,3,9,7,2,2,6,5,5,2,3,4127,2,1,317,2,1,3.3333333333333335,6.0,5.5,3.3333333333333335,3.4179999999999997,4.316933333333333,25.53418642993786,Low,1
802,SaaS,7,2,6,3,1,10,9,10,7,3,9,8,3681,14,1,360,2,7,7.0,4.666666666666667,6.5,6.666666666666667,5.120666666666667,5.9908,57.15096566491381,High,0
803,FinTech,8,4,1,3,5,10,8,2,1,7,3,3,4138,2,0,155,7,1,5.666666666666667,6.0,4.5,4.333333333333333,3.092,4.7184,49.722808671914166,Medium,2
804,FinTech,9,20,6,4,2,4,10,6,5,4,6,4,1916,14,7,172,7,10,7.666666666666667,3.3333333333333335,7.5,4.666666666666667,5.944,5.822133333333333,73.16229357054263,High,0
805,SaaS,8,8,4,5,4,1,1,1,1,6,10,10,1374,5,1,405,6,10,2.6666666666666665,3.3333333333333335,6.0,8.666666666666666,2.082666666666667,4.5498666666666665,29.153139950087535,Low,1
806,AgriTech,6,13,8,10,7,8,7,1,8,8,5,7,1845,0,2,188,1,4,3.0,8.333333333333334,7.0,6.666666666666667,1.8966666666666665,5.379333333333333,36.64496385701372,Low,2
807,AI,3,16,9,1,5,9,10,3,4,4,4,0,4654,13,1,98,3,3,5.333333333333333,5.0,6.0,2.6666666666666665,5.602666666666667,4.920533333333333,60.66600997648527,High,0
808,FinTech,4,6,4,7,6,4,6,3,4,10,10,0,1436,15,3,232,9,3,6.0,5.666666666666667,4.0,6.666666666666667,4.457333333333334,5.358133333333334,40.9211581372022,Medium,2
809,SaaS,0,16,10,9,2,10,6,5,2,4,2,8,3090,0,0,275,10,1,7.0,7.0,5.0,4.666666666666667,2.06,5.145333333333333,42.4012637281783,Medium,2
810,CleanTech,0,9,10,8,3,3,6,1,5,3,8,8,1370,20,2,248,1,4,2.6666666666666665,4.666666666666667,5.0,6.333333333333333,4.913333333333333,4.716,35.54881180120306,Low,1
811,EdTech,2,11,6,5,7,2,6,10,1,5,10,3,1928,16,4,317,2,1,6.0,4.666666666666667,4.0,6.0,5.285333333333333,5.1904,52.83032467122945,High,0
812,EdTech,7,17,1,4,2,5,10,6,9,1,7,1,1636,7,9,43,8,8,8.0,3.6666666666666665,4.0,3.0,5.257333333333333,4.7848,58.97388154950852,High,2
813,FinTech,1,9,4,7,6,3,7,7,5,2,2,8,91,17,0,380,7,1,7.0,5.333333333333333,2.5,4.0,2.894,4.345466666666667,29.37627446446214,Low,1
814,AgriTech,3,2,7,5,5,10,3,10,6,0,6,3,1843,15,3,460,9,6,7.333333333333333,6.666666666666667,5.0,3.0,4.728666666666666,5.3457333333333334,33.97726010036548,Low,3
815,AgriTech,1,13,1,7,10,7,6,3,2,1,8,5,184,5,5,176,10,7,6.333333333333333,8.0,1.0,4.666666666666667,2.622666666666667,4.524533333333333,43.13358339614935,Medium,2
816,CleanTech,4,6,8,1,1,6,3,4,10,1,7,0,4823,9,3,401,4,10,3.6666666666666665,2.6666666666666665,6.0,2.6666666666666665,5.715333333333334,4.143066666666667,21.396287498160564,Low,3
817,FinTech,8,4,10,1,10,1,7,10,10,7,1,8,1571,9,6,134,4,2,7.0,4.0,9.0,5.333333333333333,4.5473333333333334,5.976133333333333,56.51204415841049,High,0
818,EdTech,0,2,6,10,4,8,7,10,1,7,5,4,831,4,6,233,7,4,8.0,7.333333333333333,3.0,5.333333333333333,3.2206666666666663,5.377466666666666,59.808759005715,High,2
819,AgriTech,4,5,5,3,2,2,8,10,4,1,2,2,4440,11,5,500,1,3,6.333333333333333,2.3333333333333335,4.5,1.6666666666666667,6.460000000000001,4.258666666666667,41.54536417775081,Medium,0
820,FinTech,8,9,10,2,4,5,2,10,7,5,6,3,2125,19,8,422,10,9,7.333333333333333,3.6666666666666665,9.0,4.666666666666667,7.25,6.383333333333334,48.09299573852119,Medium,3
821,E-Commerce,0,4,9,2,1,9,9,10,6,4,7,0,4262,16,1,159,9,7,9.333333333333334,4.0,4.5,3.6666666666666665,5.841333333333334,5.4682666666666675,66.38912497034381,High,0
822,AgriTech,8,11,2,7,2,8,5,3,10,2,7,8,263,13,9,477,2,2,3.3333333333333335,5.666666666666667,5.0,5.666666666666667,5.342,5.001733333333333,11.714111531219313,Low,1
823,SaaS,7,3,5,10,8,2,9,1,1,4,3,7,1286,13,7,463,1,6,3.6666666666666665,6.666666666666667,6.0,4.666666666666667,5.357333333333333,5.271466666666667,45.52724913884491,Medium,1
824,E-Commerce,3,12,6,2,6,9,10,8,1,4,7,3,1529,2,7,198,7,9,8.333333333333334,5.666666666666667,4.5,4.666666666666667,3.686,5.370533333333333,73.82358859160976,High,0
825,AI,10,11,7,4,2,5,5,10,8,4,5,1,1808,11,10,52,6,3,7.0,3.6666666666666665,8.5,3.3333333333333335,6.372,5.774399999999999,62.7842862848854,High,0
826,AgriTech,9,15,5,2,6,10,7,10,4,2,8,8,1877,19,9,442,3,6,6.666666666666667,6.0,7.0,6.0,7.417999999999999,6.616933333333333,59.20707663754605,High,0
827,EdTech,4,8,9,6,10,6,9,2,5,2,8,3,1749,17,10,38,1,3,4.0,7.333333333333333,6.5,4.333333333333333,7.332666666666667,5.899866666666666,63.95221377667926,High,0
828,HealthTech,4,3,1,8,9,3,4,1,7,3,7,8,1909,11,3,371,5,3,3.3333333333333335,6.666666666666667,2.5,6.0,4.106,4.5212,12.69659412042056,Low,1
829,E-Commerce,10,10,7,10,7,3,2,8,8,6,6,9,2623,1,5,129,10,4,6.666666666666667,6.666666666666667,8.5,7.0,3.5820000000000003,6.483066666666668,48.69122447692525,Medium,3
830,AI,5,17,10,4,9,10,9,7,10,1,2,2,1197,1,10,346,4,9,6.666666666666667,7.666666666666667,7.5,1.6666666666666667,4.298,5.5596000000000005,47.67270401191652,Medium,2
831,CleanTech,6,14,7,5,5,8,2,7,7,9,6,6,2478,16,5,40,5,8,4.666666666666667,6.0,6.5,7.0,5.985333333333333,6.0304,56.56925428625483,High,3
832,CleanTech,7,10,4,4,7,10,3,4,2,3,9,6,4863,9,4,190,1,1,2.6666666666666665,7.0,5.5,6.0,6.075333333333333,5.4483999999999995,45.13173345185788,Medium,0
833,EdTech,7,5,9,3,7,10,10,9,4,3,2,9,2510,17,0,171,1,1,6.666666666666667,6.666666666666667,8.0,4.666666666666667,4.506666666666667,6.101333333333335,70.57237156251219,High,0
834,AgriTech,10,11,5,5,3,2,2,6,10,0,1,3,100,18,2,137,5,7,4.333333333333333,3.3333333333333335,7.5,1.3333333333333333,3.733333333333333,4.046666666666667,33.98566893805389,Low,1
835,FinTech,1,13,4,9,7,2,3,2,1,9,5,1,3087,20,6,264,6,3,3.6666666666666665,6.0,2.5,5.0,7.391333333333333,4.911599999999999,36.69166293774755,Low,3
836,AgriTech,8,18,7,8,1,5,6,1,10,7,6,10,1919,0,7,303,5,7,4.0,4.666666666666667,7.5,7.666666666666667,3.612666666666667,5.4892,29.939216116138056,Low,2
837,EdTech,6,15,4,8,9,6,3,1,9,0,3,8,2291,3,1,450,2,9,2.0,7.666666666666667,5.0,3.6666666666666665,2.3606666666666665,4.138800000000001,9.213833739259963,Low,1
838,CleanTech,3,15,3,8,10,2,10,9,3,7,8,3,3320,3,2,366,9,3,9.333333333333334,6.666666666666667,3.0,6.0,3.3800000000000003,5.676,52.9445947691023,High,2
839,AgriTech,3,3,9,8,6,5,8,4,3,6,7,7,104,1,3,397,5,3,5.666666666666667,6.333333333333333,6.0,6.666666666666667,1.236,5.180533333333334,39.22722781643506,Medium,1
840,CleanTech,10,12,8,7,5,7,6,5,10,8,2,1,693,18,10,263,5,2,5.333333333333333,6.333333333333333,9.0,3.6666666666666665,6.795333333333333,6.2257333333333325,41.924362504992736,Medium,2
841,E-Commerce,7,17,1,8,7,10,7,3,9,7,7,7,3240,20,4,139,10,10,6.666666666666667,8.333333333333334,4.0,7.0,6.826666666666667,6.565333333333333,51.77861932891469,High,2
842,AI,3,20,7,8,5,10,1,4,10,4,1,10,3491,11,2,21,9,1,4.666666666666667,7.666666666666667,5.0,5.0,4.827333333333333,5.432133333333334,29.819240021262345,Low,2
843,FinTech,5,7,9,8,10,8,3,8,3,7,9,9,3392,9,4,44,3,9,4.666666666666667,8.666666666666666,7.0,8.333333333333334,5.094666666666666,6.752266666666666,72.7017595492863,High,3
844,E-Commerce,4,20,8,10,5,7,3,4,8,10,7,4,4913,12,7,207,5,6,4.0,7.333333333333333,6.0,7.0,7.608666666666667,6.3884,42.03848244504974,Medium,3
845,CleanTech,2,6,8,7,10,8,2,9,2,9,6,6,2268,19,7,257,5,6,5.333333333333333,8.333333333333334,5.0,7.0,7.0120000000000005,6.535733333333335,57.06777823492488,High,3
846,CleanTech,9,5,6,1,7,9,7,9,3,2,2,6,3783,14,1,119,2,8,6.0,5.666666666666667,7.5,3.3333333333333335,5.188666666666666,5.537733333333334,74.89826807975182,High,0
847,HealthTech,10,16,4,4,10,5,9,6,2,9,3,8,3512,2,5,337,4,5,6.333333333333333,6.333333333333333,7.0,6.666666666666667,4.341333333333334,6.134933333333334,61.15237114207031,High,0
848,HealthTech,1,5,8,4,7,5,4,2,1,6,1,2,889,19,3,414,2,9,2.6666666666666665,5.333333333333333,4.5,3.0,4.759333333333333,4.051866666666667,34.76453752894292,Low,1
849,E-Commerce,8,11,3,5,3,10,5,10,2,3,10,9,789,12,8,254,5,5,6.666666666666667,6.0,5.5,7.333333333333333,5.192666666666667,6.138533333333333,62.01067321755161,High,0
850,SaaS,9,4,9,10,3,4,3,7,8,4,5,3,4648,7,9,259,10,2,6.666666666666667,5.666666666666667,9.0,4.0,7.265333333333333,6.519733333333333,44.79838310063876,Medium,3
851,E-Commerce,8,6,2,6,10,9,9,9,9,8,9,9,4939,6,1,375,2,6,6.666666666666667,8.333333333333334,5.0,8.666666666666666,4.626,6.658533333333333,48.15110681326074,Medium,0
852,HealthTech,0,7,2,4,3,5,4,6,2,6,6,3,658,7,7,326,10,9,6.666666666666667,4.0,1.0,5.0,3.9386666666666663,4.121066666666667,37.62159029139625,Medium,2
853,CleanTech,9,9,7,2,6,2,5,3,7,3,5,9,1018,17,0,172,9,3,5.666666666666667,3.3333333333333335,8.0,5.666666666666667,3.512,5.235733333333334,40.56918821681587,Medium,1
854,EdTech,2,8,10,6,6,10,1,7,5,5,3,4,1953,8,10,57,10,10,6.0,7.333333333333333,6.0,4.0,5.968666666666667,5.8604,58.6789715991507,High,3
855,E-Commerce,7,11,4,8,3,8,2,5,3,9,5,5,1190,5,5,408,6,4,4.333333333333333,6.333333333333333,5.5,6.333333333333333,3.293333333333333,5.158666666666666,29.30750218479622,Low,1
856,CleanTech,5,7,10,8,3,7,9,1,9,10,8,2,3706,3,10,80,8,10,6.0,6.0,7.5,6.666666666666667,6.303999999999999,6.494133333333333,61.31033716435973,High,3
857,EdTech,4,15,8,7,8,8,2,3,6,6,2,3,3657,14,10,408,9,8,4.666666666666667,7.666666666666667,6.0,3.6666666666666665,8.104666666666667,6.020933333333334,32.85287837517229,Low,3
858,EdTech,4,5,9,6,8,3,5,5,1,9,5,2,4846,4,9,143,8,6,6.0,5.666666666666667,6.5,5.333333333333333,6.897333333333333,6.079466666666667,66.6026493845031,High,3
859,HealthTech,5,14,7,2,7,4,8,7,5,8,6,1,2296,4,0,248,5,7,6.666666666666667,4.333333333333333,6.0,5.0,2.1973333333333334,4.839466666666667,52.61544883672739,High,2
860,E-Commerce,6,18,5,7,10,5,3,3,7,3,10,9,774,6,1,474,5,7,3.6666666666666665,7.333333333333333,5.5,7.333333333333333,1.8493333333333333,5.136533333333333,17.133006790136427,Low,1
861,AgriTech,0,8,8,5,4,6,6,6,4,9,8,8,2811,8,2,77,6,4,6.0,5.0,4.0,8.333333333333334,3.874,5.441466666666667,55.467696549073075,High,0
862,FinTech,8,5,4,6,4,1,4,5,8,2,8,0,1380,6,8,287,1,6,3.3333333333333335,3.6666666666666665,6.0,3.3333333333333335,4.586666666666667,4.183999999999999,30.62438622992765,Low,1
863,HealthTech,2,15,2,10,3,4,7,1,10,7,5,1,3182,8,4,41,8,9,5.333333333333333,5.666666666666667,2.0,4.333333333333333,4.788,4.424266666666666,37.63165086505917,Medium,2
864,HealthTech,3,4,6,8,5,10,10,10,5,0,9,7,4787,19,9,132,2,3,7.333333333333333,7.666666666666667,4.5,5.333333333333333,9.357999999999999,6.838266666666667,76.49849992341949,High,0
865,AgriTech,9,6,9,8,3,5,3,6,9,8,4,6,4814,9,9,31,6,8,5.0,5.333333333333333,9.0,6.0,7.709333333333333,6.608533333333332,61.25237624743605,High,3
866,FinTech,0,17,1,3,8,7,6,8,9,0,9,0,4329,3,1,164,9,7,7.666666666666667,6.0,0.5,3.0,3.719333333333333,4.177200000000001,35.706027034413175,Low,2
867,CleanTech,10,5,10,7,7,5,10,1,9,1,7,4,3097,5,9,119,3,4,4.666666666666667,6.333333333333333,10.0,4.0,5.898,6.1796,57.312835790415726,High,0
868,SaaS,9,3,7,1,3,1,9,2,1,7,6,9,1404,13,4,280,2,10,4.333333333333333,1.6666666666666667,8.0,7.333333333333333,4.436,5.153866666666667,63.96948192550369,High,0
869,E-Commerce,2,19,10,1,9,7,10,4,2,8,4,5,3801,8,4,389,10,3,8.0,5.666666666666667,6.0,5.666666666666667,5.200666666666667,6.106800000000001,54.0291846730914,High,0
870,SaaS,1,20,9,7,5,8,1,2,3,6,2,4,1369,0,0,309,5,7,2.6666666666666665,6.666666666666667,5.0,4.0,0.9126666666666666,3.8492000000000006,22.990663187009552,Low,1
871,CleanTech,1,20,10,10,9,7,3,9,4,2,8,3,2064,16,2,124,9,10,7.0,8.666666666666666,5.5,4.333333333333333,4.709333333333333,6.041866666666666,63.39212512350478,High,3
872,AI,0,18,9,9,7,4,2,10,10,6,6,0,2292,12,4,479,6,9,6.0,6.666666666666667,4.5,4.0,4.8613333333333335,5.2056000000000004,23.85542204857305,Low,3
873,HealthTech,7,15,10,7,7,8,8,8,9,5,3,6,2765,6,8,229,8,10,8.0,7.333333333333333,8.5,4.666666666666667,5.510000000000001,6.802,64.32805878978806,High,3
874,FinTech,2,20,3,10,6,5,7,8,10,1,7,8,2817,8,9,499,8,3,7.666666666666667,7.0,2.5,5.333333333333333,6.211333333333333,5.742266666666667,23.810374703813697,Low,2
875,HealthTech,2,14,5,5,2,10,2,4,6,2,10,5,716,10,0,239,7,10,4.333333333333333,5.666666666666667,3.5,5.666666666666667,2.144,4.262133333333334,29.432583645411327,Low,1
876,EdTech,5,13,8,8,9,9,6,5,1,10,7,2,4040,2,7,261,5,9,5.333333333333333,8.666666666666666,6.5,6.333333333333333,5.359999999999999,6.438666666666665,65.07133997831718,High,3
877,HealthTech,7,7,8,2,6,10,3,4,9,9,6,9,1711,11,0,258,2,8,3.0,6.0,7.5,8.0,2.974,5.4948,33.46206863413447,Low,1
878,HealthTech,8,5,4,9,8,5,8,9,6,9,2,3,1225,20,8,18,10,3,9.0,7.333333333333333,6.0,4.666666666666667,6.816666666666666,6.763333333333333,73.89010850403773,High,2
879,CleanTech,8,20,1,6,1,1,10,2,4,4,8,9,8,2,5,43,10,8,7.333333333333333,2.6666666666666665,4.5,7.0,2.005333333333333,4.701066666666667,60.37800728565722,High,2
880,CleanTech,3,17,1,9,5,9,3,8,4,9,1,4,597,14,0,237,5,4,5.333333333333333,7.666666666666667,2.0,4.666666666666667,2.731333333333333,4.4796,35.16455795040587,Low,2
881,CleanTech,4,14,4,2,1,5,10,2,3,3,1,0,4118,20,7,82,7,6,6.333333333333333,2.6666666666666665,4.0,1.3333333333333333,8.412,4.549066666666667,64.03885483643307,High,0
882,SaaS,1,5,6,3,10,6,9,1,7,1,6,4,1608,9,4,408,7,10,5.666666666666667,6.333333333333333,3.5,3.6666666666666665,3.9053333333333335,4.614400000000001,31.536444803488468,Low,2
883,EdTech,10,18,8,8,8,4,1,10,3,3,5,0,3031,0,6,455,2,2,4.333333333333333,6.666666666666667,9.0,2.6666666666666665,4.020666666666667,5.337466666666667,37.938273125054415,Medium,1
884,AI,8,2,6,1,8,6,5,3,2,7,9,8,3667,13,6,310,7,8,5.0,5.0,7.0,8.0,6.6113333333333335,6.322266666666667,55.16332665631577,High,0
885,AI,7,19,9,10,1,8,3,9,10,4,7,6,2246,19,6,221,6,9,6.0,6.333333333333333,8.0,5.666666666666667,6.664000000000001,6.5328,51.37289291044888,Medium,3
886,CleanTech,2,18,9,7,9,3,6,3,8,4,2,2,3626,5,5,81,7,7,5.333333333333333,6.333333333333333,5.5,2.6666666666666665,4.917333333333333,4.950133333333333,46.59261884240336,Medium,2
887,FinTech,10,16,2,7,2,5,10,9,4,9,7,8,4071,1,10,67,8,8,9.0,4.666666666666667,6.0,8.0,6.2139999999999995,6.776133333333334,85.13587780757575,High,0
888,SaaS,8,12,10,1,9,2,2,7,8,2,3,1,2822,7,7,229,4,7,4.333333333333333,4.0,9.0,2.0,5.381333333333333,4.942933333333333,42.41718045665994,Medium,3
889,AgriTech,2,14,1,9,1,2,9,10,1,7,1,6,91,0,8,380,1,10,6.666666666666667,4.0,1.5,4.666666666666667,2.7273333333333336,3.912133333333334,54.75294534555816,High,2
890,FinTech,8,2,2,8,10,7,6,1,5,5,8,8,850,3,1,284,8,4,5.0,8.333333333333334,5.0,7.0,1.4000000000000001,5.346666666666667,31.695762246120673,Low,2
891,E-Commerce,1,18,5,4,9,10,7,10,9,1,3,5,1107,3,6,258,8,1,8.333333333333334,7.666666666666667,3.0,3.0,3.238,5.0476,35.90858992801434,Low,2
892,E-Commerce,9,7,4,10,4,10,5,5,1,1,8,9,299,4,1,25,3,3,4.333333333333333,8.0,6.5,6.0,1.1993333333333334,5.206533333333333,60.502337957192985,High,1
893,FinTech,8,5,4,5,9,10,9,9,4,8,7,4,2343,19,5,84,3,7,7.0,8.0,6.0,6.333333333333333,6.395333333333333,6.745733333333334,80.90157755801347,High,0
894,CleanTech,7,17,9,2,7,6,1,3,6,6,2,6,1477,8,1,115,5,7,3.0,5.0,8.0,4.666666666666667,2.6513333333333335,4.663600000000001,38.62419402792334,Medium,1
895,AgriTech,8,16,8,9,6,4,5,9,10,9,1,5,1082,12,9,145,3,3,5.666666666666667,6.333333333333333,8.0,5.0,5.721333333333334,6.144266666666667,51.02572804017021,Medium,3
896,AgriTech,4,16,6,6,5,5,10,5,8,8,7,4,2956,17,5,426,5,1,6.666666666666667,5.333333333333333,5.0,6.333333333333333,6.470666666666666,5.9608,37.11615908319642,Low,0
897,SaaS,10,7,1,3,9,1,6,9,3,5,1,1,2918,16,1,83,8,10,7.666666666666667,4.333333333333333,5.5,2.3333333333333335,4.945333333333333,4.955733333333333,71.3064931242736,High,2
898,AgriTech,10,16,2,7,2,7,7,10,5,4,6,7,1365,0,0,263,1,9,6.0,5.333333333333333,6.0,5.666666666666667,0.91,4.782,55.194709639831466,High,1
899,E-Commerce,1,15,6,9,2,8,4,6,7,0,10,6,2800,14,6,27,2,6,4.0,6.333333333333333,3.5,5.333333333333333,6.2,5.073333333333332,49.80479483937616,Medium,3
900,EdTech,7,12,2,3,9,9,1,9,1,5,10,5,3536,1,2,428,2,7,4.0,7.0,4.5,6.666666666666667,3.1906666666666665,5.071466666666667,38.46983179321467,Medium,1
901,CleanTech,5,8,10,2,3,8,8,7,7,5,8,4,3951,15,3,52,4,1,6.333333333333333,4.333333333333333,7.5,5.666666666666667,6.134,5.9934666666666665,63.25638245796331,High,0
902,AgriTech,7,10,5,7,8,5,10,7,8,2,7,4,2109,19,5,59,9,1,8.666666666666666,6.666666666666667,6.0,4.333333333333333,6.239333333333334,6.3812,64.00927374670778,High,2
903,SaaS,10,17,5,7,9,3,4,8,8,2,4,8,775,4,4,12,2,4,4.666666666666667,6.333333333333333,7.5,4.666666666666667,2.5166666666666666,5.136666666666667,52.3462158728824,High,1
904,E-Commerce,4,6,6,4,8,10,3,7,9,2,1,0,1452,18,3,241,9,7,6.333333333333333,7.333333333333333,5.0,1.0,4.968,4.9269333333333325,34.46482252847743,Low,2
905,EdTech,9,11,6,9,4,9,7,9,6,2,1,8,1681,4,8,228,7,8,7.666666666666667,7.333333333333333,7.5,3.6666666666666665,4.454,6.124133333333334,63.157278299492745,High,2
906,HealthTech,1,19,6,8,1,6,2,9,6,6,4,5,2303,1,5,68,10,10,7.0,5.0,3.5,5.0,3.3686666666666665,4.773733333333333,50.615496887228474,Medium,3
907,HealthTech,5,4,2,1,4,5,8,6,2,9,5,3,1851,6,5,293,8,9,7.333333333333333,3.3333333333333335,3.5,5.666666666666667,3.9006666666666665,4.7467999999999995,54.783727697810406,High,2
908,EdTech,4,14,10,1,9,3,6,7,3,10,7,9,1897,2,1,311,1,1,4.666666666666667,4.333333333333333,7.0,8.666666666666666,1.9313333333333336,5.319599999999999,45.32273419363751,Medium,1
909,E-Commerce,4,12,3,5,2,6,7,2,4,1,4,6,3418,16,5,73,5,4,4.666666666666667,4.333333333333333,3.5,3.6666666666666665,6.611999999999999,4.555733333333333,50.434556719111775,Medium,0
910,SaaS,0,18,6,6,3,3,5,9,4,9,10,8,3597,2,6,79,9,4,7.666666666666667,4.0,3.0,9.0,4.731333333333333,5.6796,58.25132213956867,High,3
911,EdTech,1,14,8,3,10,10,9,1,8,9,1,4,1327,12,7,312,4,3,4.666666666666667,7.666666666666667,4.5,4.666666666666667,5.218,5.3436,32.43769201430703,Low,2
912,CleanTech,7,7,1,9,8,6,5,1,1,1,10,4,614,6,7,151,2,7,2.6666666666666665,7.666666666666667,4.0,5.0,3.7426666666666666,4.6152,47.798235945979215,Medium,1
913,CleanTech,2,18,1,10,6,4,5,3,10,2,7,7,244,2,8,400,6,1,4.666666666666667,6.666666666666667,1.5,5.333333333333333,3.1626666666666665,4.265866666666667,4.07077838808588,Low,2
914,HealthTech,9,14,2,6,8,2,3,6,4,9,2,6,756,14,9,211,2,9,3.6666666666666665,5.333333333333333,5.5,5.666666666666667,5.8373333333333335,5.2008,50.72796509131096,Medium,1
915,AgriTech,2,20,6,4,7,8,1,5,4,6,2,7,823,17,10,216,3,8,3.0,6.333333333333333,4.0,5.0,6.715333333333334,5.009733333333333,40.93557328752519,Medium,3
916,SaaS,7,20,9,7,5,4,2,2,1,2,8,10,2827,9,2,424,8,2,4.0,5.333333333333333,8.0,6.666666666666667,4.051333333333333,5.610266666666666,32.19368556352726,Low,1
917,HealthTech,7,11,4,8,9,9,8,9,3,6,10,9,3807,6,9,230,3,2,6.666666666666667,8.666666666666666,5.5,8.333333333333334,6.538,7.140933333333334,67.70075349191998,High,0
918,AgriTech,1,4,3,9,4,7,1,10,5,8,10,1,2779,8,6,371,2,8,4.333333333333333,6.666666666666667,2.0,6.333333333333333,5.186,4.903866666666667,32.943123222506856,Low,3
919,AgriTech,7,15,8,6,6,2,7,4,6,10,10,8,1846,4,6,255,6,1,5.666666666666667,4.666666666666667,7.5,9.333333333333334,3.8973333333333335,6.2128000000000005,44.979923900018896,Medium,0
920,AI,10,20,10,6,2,4,5,4,9,9,5,2,1240,19,0,90,3,7,4.0,4.0,10.0,5.333333333333333,3.9933333333333336,5.465333333333333,51.57215233210103,Medium,1
921,CleanTech,0,6,9,8,2,5,3,5,9,10,10,5,4611,7,7,260,1,9,3.0,5.0,4.5,8.333333333333334,6.574000000000001,5.481466666666668,35.10629671785047,Low,3
922,E-Commerce,5,6,5,5,2,3,7,8,9,3,2,5,473,13,3,60,3,3,6.0,3.3333333333333335,5.0,3.3333333333333335,3.4819999999999998,4.229733333333334,46.82175966941255,Medium,1
923,FinTech,7,18,9,3,10,9,9,10,1,6,5,1,4131,3,4,294,6,7,8.333333333333334,7.333333333333333,8.0,4.0,4.5873333333333335,6.450800000000001,77.86899030881456,High,0
924,E-Commerce,2,11,2,3,7,5,2,4,9,8,8,6,3249,19,5,378,3,6,3.0,5.0,2.0,7.333333333333333,6.999333333333333,4.866533333333333,15.319851163572912,Low,3
925,FinTech,7,6,3,6,2,2,8,5,8,7,6,8,1792,13,2,408,9,7,7.333333333333333,3.3333333333333335,5.0,7.0,4.028,5.338933333333332,35.530192232035866,Low,2
926,EdTech,0,5,7,2,2,3,9,4,2,7,3,9,1734,11,4,393,7,7,6.666666666666667,2.3333333333333335,3.5,6.333333333333333,4.322666666666667,4.6312,45.858947754089534,Medium,0
927,CleanTech,10,7,7,6,9,9,3,6,1,8,8,10,4925,1,9,355,5,10,4.666666666666667,8.0,8.5,8.666666666666666,6.45,7.256666666666668,63.20637990528043,High,3
928,AgriTech,10,5,6,6,7,7,2,3,1,4,9,0,3942,12,4,213,2,1,2.3333333333333335,6.666666666666667,8.0,4.333333333333333,5.961333333333333,5.4589333333333325,46.277737902535556,Medium,1
929,SaaS,8,8,6,8,3,2,7,8,6,4,5,7,944,0,0,34,9,3,8.0,4.333333333333333,7.0,5.333333333333333,0.6293333333333333,5.0592,58.01121979200137,High,2
930,FinTech,10,8,2,7,3,9,5,6,9,2,2,1,1511,19,2,454,5,10,5.333333333333333,6.333333333333333,6.0,1.6666666666666667,4.8406666666666665,4.8347999999999995,29.89957445274983,Low,2
931,E-Commerce,8,19,10,8,7,4,5,10,7,4,2,0,4081,6,2,50,7,1,7.333333333333333,6.333333333333333,9.0,2.0,4.387333333333333,5.8107999999999995,61.62942252307172,High,2
932,AgriTech,4,4,6,9,5,9,10,5,5,7,7,7,4526,8,0,78,9,5,8.0,7.666666666666667,5.0,7.0,4.350666666666666,6.403466666666667,67.08165281711076,High,2
933,FinTech,9,2,4,6,10,2,5,2,2,4,1,1,858,16,6,13,4,3,3.6666666666666665,6.0,6.5,2.0,5.238666666666666,4.681066666666666,56.6315697798386,High,1
934,FinTech,3,5,3,3,6,10,4,10,1,3,10,5,3560,20,0,249,9,1,7.666666666666667,6.333333333333333,3.0,6.0,5.706666666666667,5.741333333333333,52.80119405495175,High,0
935,AI,10,7,2,10,8,4,5,10,2,7,2,5,229,12,6,370,1,2,5.333333333333333,7.333333333333333,6.0,4.666666666666667,4.152666666666667,5.497199999999999,49.606886838066806,Medium,1
936,FinTech,5,10,1,3,9,5,4,7,1,6,10,4,2417,9,3,450,6,10,5.666666666666667,5.666666666666667,3.0,6.666666666666667,4.1113333333333335,5.022266666666667,42.3248333999033,Medium,1
937,SaaS,6,15,5,1,1,2,6,2,3,5,4,7,177,15,8,40,2,5,3.3333333333333335,1.3333333333333333,5.5,5.333333333333333,5.284666666666666,4.156933333333333,53.955307027686096,High,1
938,CleanTech,4,13,2,5,3,10,4,1,6,4,1,2,3928,5,6,396,8,3,4.333333333333333,6.0,3.0,2.3333333333333335,5.452000000000001,4.223733333333334,14.896706438466822,Low,2
939,SaaS,10,5,2,4,7,1,2,7,8,4,4,9,2615,15,4,126,5,6,4.666666666666667,4.0,6.0,5.666666666666667,5.576666666666667,5.182,43.05069628179215,Medium,1
940,HealthTech,9,13,7,9,6,7,9,5,3,9,10,3,1613,10,6,204,3,9,5.666666666666667,7.333333333333333,8.0,7.333333333333333,4.742,6.615066666666666,72.96723856773468,High,0
941,AgriTech,8,11,8,9,7,10,2,1,10,1,5,6,2840,19,8,99,2,6,1.6666666666666667,8.666666666666666,8.0,4.0,7.726666666666667,6.012,38.53469996966812,Medium,3
942,CleanTech,2,8,10,5,8,1,9,4,9,3,9,6,2947,2,9,187,8,2,7.0,4.666666666666667,6.0,6.0,5.298,5.792933333333333,45.30771841205106,Medium,0
943,AI,6,4,8,10,6,8,10,4,10,7,1,7,1774,8,5,154,7,2,7.0,8.0,7.0,5.0,4.182666666666667,6.236533333333333,49.09785184228623,Medium,2
944,CleanTech,9,15,4,4,3,3,6,10,5,7,5,1,3871,14,0,453,9,8,8.333333333333334,3.3333333333333335,6.5,4.333333333333333,4.914000000000001,5.4828,48.83897976773587,Medium,2
945,CleanTech,9,11,1,7,2,10,9,7,7,10,2,10,81,12,5,211,8,8,8.0,6.333333333333333,5.0,7.333333333333333,3.7206666666666663,6.077466666666666,57.78162849154461,High,2
946,E-Commerce,10,17,7,6,7,6,9,9,8,0,9,1,845,9,0,331,4,6,7.333333333333333,6.333333333333333,8.5,3.3333333333333335,2.063333333333333,5.512666666666666,52.03613998312224,High,2
947,CleanTech,4,17,1,4,1,7,3,2,3,1,6,3,2809,19,3,353,2,10,2.3333333333333335,4.0,2.5,3.3333333333333335,6.039333333333334,3.6412000000000004,29.243985428685544,Low,1
948,AI,6,11,4,10,3,10,1,1,2,4,2,9,1216,12,7,212,2,7,1.3333333333333333,7.666666666666667,5.0,5.0,5.144,4.828799999999999,37.090632254499475,Low,1
949,SaaS,1,14,8,2,4,1,1,2,2,8,3,8,4713,16,4,33,2,1,1.6666666666666667,2.3333333333333335,4.5,6.333333333333333,7.142,4.395066666666667,42.042236390446355,Medium,1
950,CleanTech,3,7,2,1,1,6,3,7,5,9,8,9,3260,6,4,364,6,9,5.333333333333333,2.6666666666666665,2.5,8.666666666666666,4.506666666666667,4.734666666666667,33.408312136054995,Low,1
951,EdTech,1,13,6,4,5,7,5,10,1,10,1,8,3145,5,9,480,7,5,7.333333333333333,5.333333333333333,3.5,6.333333333333333,5.93,5.685999999999999,47.46008054465242,Medium,3
952,AgriTech,6,10,6,4,10,6,3,6,2,10,3,3,2263,12,10,425,6,9,5.0,6.666666666666667,6.0,5.333333333333333,6.842,5.9684,47.751987338692956,Medium,3
953,CleanTech,1,14,9,1,3,4,9,4,9,6,10,8,2337,16,7,480,2,2,5.0,2.6666666666666665,5.0,8.0,6.558,5.444933333333333,27.363108627167154,Low,0
954,AgriTech,10,5,5,6,2,1,9,1,7,9,1,2,444,14,7,491,4,8,4.666666666666667,3.0,7.5,4.0,4.962666666666666,4.825866666666667,33.27271962832937,Low,2
955,EdTech,0,12,10,4,3,9,3,1,6,4,8,4,922,3,0,114,3,7,2.3333333333333335,5.333333333333333,5.0,5.333333333333333,1.1146666666666667,3.8229333333333337,30.168056627515522,Low,1
956,EdTech,8,19,4,1,8,4,3,5,9,0,1,9,4288,14,4,284,4,4,4.0,4.333333333333333,6.0,3.3333333333333335,6.525333333333333,4.838399999999999,28.430430382331828,Low,1
957,AgriTech,0,12,5,1,6,7,5,1,7,5,5,8,4384,13,4,331,5,3,3.6666666666666665,4.666666666666667,2.5,6.0,6.422666666666667,4.651200000000001,20.249532258403573,Low,0
958,FinTech,7,5,10,1,7,7,2,7,5,7,4,5,2630,20,7,69,7,4,5.333333333333333,5.0,8.5,5.333333333333333,7.419999999999999,6.317333333333332,60.899955853602115,High,3
959,HealthTech,1,19,5,8,6,2,6,1,9,6,7,2,1167,10,0,380,9,4,5.333333333333333,5.333333333333333,3.0,5.0,2.4446666666666665,4.222266666666666,11.279704969923385,Low,2
960,E-Commerce,7,2,8,10,6,1,7,1,6,1,5,9,3963,3,6,459,2,10,3.3333333333333335,5.666666666666667,7.5,5.0,5.142,5.3284,36.97441010502036,Low,1
961,FinTech,2,8,10,8,3,8,9,2,6,4,8,8,3441,2,6,24,8,10,6.333333333333333,6.333333333333333,6.0,6.666666666666667,4.6273333333333335,5.992133333333333,66.79184823249233,High,3
962,FinTech,5,7,8,2,8,8,6,10,4,10,1,5,3512,1,8,94,3,8,6.333333333333333,6.0,6.5,5.333333333333333,5.174666666666667,5.868266666666666,72.90222023346536,High,3
963,SaaS,2,16,2,7,7,7,3,3,1,3,5,3,895,19,1,428,9,4,5.0,7.0,2.0,3.6666666666666665,4.096666666666667,4.352666666666667,23.8289942729809,Low,1
964,E-Commerce,6,19,7,8,7,8,5,1,5,8,4,3,3722,9,2,206,10,5,5.333333333333333,7.666666666666667,6.5,5.0,4.648,5.8296,42.7850671055279,Medium,2
965,E-Commerce,9,12,8,8,6,3,4,9,9,9,3,7,2060,12,3,244,4,2,5.666666666666667,5.666666666666667,8.5,6.333333333333333,4.373333333333334,6.1080000000000005,43.52894892532051,Medium,1
966,FinTech,8,16,6,10,5,2,5,10,8,0,5,6,3034,19,0,420,3,4,6.0,5.666666666666667,7.0,3.6666666666666665,5.189333333333333,5.504533333333334,38.41112008721165,Medium,1
967,CleanTech,1,17,5,7,10,7,8,8,8,5,10,0,2387,20,6,353,10,7,8.666666666666666,8.0,3.0,5.0,6.924666666666667,6.318266666666666,46.88737863494532,Medium,3
968,SaaS,4,8,9,5,8,8,8,5,5,2,3,5,1897,17,9,272,6,3,6.333333333333333,7.0,6.5,3.3333333333333335,7.098,6.052933333333333,53.84419024394636,High,0
969,SaaS,5,11,3,1,5,1,6,2,9,10,8,7,1799,20,2,15,10,1,6.0,2.3333333333333335,4.0,8.333333333333334,5.199333333333333,5.1732,38.1475931203695,Medium,1
970,EdTech,3,13,10,9,9,10,1,5,3,8,3,2,4407,15,2,390,9,8,5.0,9.333333333333334,6.5,4.333333333333333,6.104666666666667,6.254266666666667,41.1303279747014,Medium,3
971,AI,3,15,4,7,9,9,8,6,3,4,1,8,2780,10,2,298,7,8,7.0,8.333333333333334,3.5,4.333333333333333,4.1866666666666665,5.470666666666667,53.89133979812782,High,2
972,E-Commerce,3,6,9,2,1,4,8,1,1,5,9,9,1127,9,7,67,4,6,4.333333333333333,2.3333333333333335,6.0,7.666666666666667,4.584666666666666,4.9836,63.730580840463304,High,0
973,FinTech,1,19,6,6,6,4,2,4,9,10,9,1,338,8,8,442,3,7,3.0,5.333333333333333,3.5,6.666666666666667,4.225333333333333,4.545066666666666,11.166035503313978,Low,3
974,EdTech,3,6,8,2,7,3,4,9,6,8,6,5,4454,11,9,154,10,10,7.666666666666667,4.0,5.5,6.333333333333333,7.802666666666667,6.260533333333333,63.67292023917135,High,3
975,AgriTech,10,4,7,1,3,6,2,2,2,8,10,0,1172,18,1,375,4,2,2.6666666666666665,3.3333333333333335,8.5,6.0,4.1146666666666665,4.922933333333333,31.29424024649906,Low,1
976,HealthTech,0,6,2,7,7,1,4,5,8,7,1,10,2808,0,9,51,3,5,4.0,5.0,1.0,6.0,4.872,4.1744,34.62969581029662,Low,2
977,AI,5,18,3,2,7,6,10,1,9,8,8,1,4863,17,9,359,3,7,4.666666666666667,5.0,4.0,5.666666666666667,9.075333333333333,5.681733333333334,38.937723547448364,Medium,0
978,AI,0,20,1,2,2,2,7,4,9,3,2,4,3029,13,0,209,9,9,6.666666666666667,2.0,0.5,3.0,4.186,3.2705333333333337,28.38207956562348,Low,2
979,AI,9,20,9,5,7,9,9,4,2,5,9,0,2089,20,8,433,4,1,5.666666666666667,7.0,9.0,4.666666666666667,7.392666666666667,6.7452,56.7401338807086,High,0
980,SaaS,5,13,7,5,1,2,8,6,2,4,8,7,4297,0,5,183,9,3,7.666666666666667,2.6666666666666665,6.0,6.333333333333333,4.531333333333333,5.4396,61.494730962241306,High,0
981,AgriTech,0,10,1,7,5,7,9,10,7,4,3,0,3017,16,8,464,10,6,9.666666666666666,6.333333333333333,0.5,2.3333333333333335,7.344666666666666,5.2356,39.986125417814115,Medium,2
982,AI,5,2,3,1,9,1,8,9,4,3,5,8,4559,10,5,463,5,7,7.333333333333333,3.6666666666666665,4.0,5.333333333333333,6.372666666666667,5.3412,49.15866575771135,Medium,0
983,AgriTech,9,19,4,8,7,7,2,3,1,1,9,9,448,19,1,461,7,6,4.0,7.333333333333333,6.5,6.333333333333333,3.798666666666667,5.593066666666666,33.4276824943015,Low,1
984,CleanTech,7,5,4,3,7,5,7,9,8,5,1,10,4893,14,0,394,5,1,7.0,5.0,5.5,5.333333333333333,5.5953333333333335,5.685733333333333,37.847577804272284,Medium,2
985,AI,10,11,5,4,2,8,2,6,2,8,9,2,793,3,7,344,1,4,3.0,4.666666666666667,7.5,6.333333333333333,3.362,4.9724,39.67950315781887,Medium,1
986,HealthTech,1,8,3,9,8,4,2,7,3,0,4,1,436,14,2,104,2,6,3.6666666666666665,7.0,2.0,1.6666666666666667,3.2906666666666666,3.5248,40.62084250547324,Medium,1
987,AgriTech,1,2,3,4,3,10,4,10,5,6,4,0,4626,13,0,226,5,8,6.333333333333333,5.666666666666667,2.0,3.3333333333333335,5.250666666666667,4.5168,46.63015829636949,Medium,2
988,AgriTech,3,18,1,10,8,7,1,2,3,5,4,8,4660,0,7,120,6,10,3.0,8.333333333333334,2.0,5.666666666666667,5.44,4.888,40.55207022580731,Medium,3
989,HealthTech,10,3,7,5,3,6,5,10,7,2,10,3,1620,8,0,362,7,4,7.333333333333333,4.666666666666667,8.5,5.0,2.4133333333333336,5.582666666666666,43.60102467693545,Medium,1
990,AI,2,12,10,7,10,5,6,6,7,0,9,0,3501,6,7,189,2,7,4.666666666666667,7.333333333333333,6.0,3.0,5.667333333333333,5.333466666666666,50.81580741359167,Medium,3
991,HealthTech,3,10,1,4,7,4,9,6,2,3,6,0,2919,10,0,172,10,3,8.333333333333334,5.0,2.0,3.0,3.612666666666667,4.389200000000001,53.02598030530085,High,2
992,AgriTech,6,8,2,1,2,7,10,2,7,8,8,6,4308,1,8,128,9,8,7.0,3.3333333333333335,4.0,7.333333333333333,5.705333333333333,5.4744,54.76961286311912,High,0
993,HealthTech,10,18,4,9,4,5,8,2,6,1,4,1,948,1,8,334,6,1,5.333333333333333,6.0,7.0,2.0,3.4653333333333336,4.759733333333333,33.16490631653867,Low,2
994,AgriTech,0,18,4,4,6,5,2,2,10,2,3,6,3944,5,8,398,2,4,2.0,5.0,2.0,3.6666666666666665,6.129333333333332,3.7592,1.58942048092545,Low,1
995,AgriTech,5,3,5,9,9,1,1,10,9,1,1,6,1127,18,2,237,2,8,4.333333333333333,6.333333333333333,5.0,2.6666666666666665,4.418,4.5502666666666665,34.4873462008571,Low,1
996,CleanTech,2,7,2,6,5,2,2,1,9,1,10,9,191,19,3,154,3,10,2.0,4.333333333333333,2.0,6.666666666666667,4.294,3.8588,20.918635485895667,Low,1
997,FinTech,10,15,4,1,9,5,7,5,2,9,7,8,4012,13,4,446,1,4,4.333333333333333,5.0,7.0,8.0,6.174666666666667,6.1015999999999995,49.64652850145502,Medium,0
998,AgriTech,9,7,1,3,5,3,4,8,7,10,4,6,3760,2,5,317,9,2,7.0,3.6666666666666665,5.0,6.666666666666667,4.506666666666667,5.368,33.97140394554677,Low,2
999,AI,6,3,2,2,10,2,10,2,5,10,8,0,3730,6,8,151,10,2,7.333333333333333,4.666666666666667,4.0,6.0,6.153333333333333,5.6306666666666665,52.25461960520504,High,0
1000,EdTech,9,2,1,9,8,4,5,5,6,7,3,7,1403,6,10,131,4,4,4.666666666666667,7.0,5.0,5.666666666666667,5.268666666666667,5.5204,47.50723009883386,Medium,2
